run_id,ts,variant,client,dataset,throttle,fault,round,mode,run_no,rid,client_requests,preflight,static_requests,user_calls,order_calls,product_calls,cache_hits,user_db,order_db,product_db,t_data_ms,t_complete_ms,t_images_ms,payload_bytes,payload_gzip_bytes,http_status,has_errors,rows_rendered,items_rendered,screen_status,error_codes,timed_out,count_check,valid
1,2026-10-08T02:46:34.839Z,baseline,web,small,none,none,1,cold,1,ba2b60c0-d098-4a4e-b8d6-a663e78c44e9,3,0,14,1,1,1,0,1,2,1,64.7,144.9,145.2,9413,1270,200,false,10,19,ok,,0,ok,true
2,2026-10-08T02:46:35.201Z,baseline,web,small,none,none,1,warm,2,266b7f3b-8c61-45b1-8e12-f6db02737693,3,0,14,1,1,1,0,1,2,1,39.3,82.8,83,9413,1270,200,false,10,19,ok,,0,ok,true
3,2026-10-08T02:46:35.589Z,baseline,web,small,none,none,1,warm,3,b41cb6b9-933d-4892-ad92-447b7612b58e,3,0,14,1,1,1,0,1,2,1,54.2,97.3,97.7,9413,1270,200,false,10,19,ok,,0,ok,true
4,2026-10-08T02:46:36.042Z,baseline,web,small,none,none,1,warm,4,b88849b1-44ed-4aa6-8b99-125510204d03,3,0,14,1,1,1,0,1,2,1,53.6,99.9,100.1,9413,1270,200,false,10,19,ok,,0,ok,true
5,2026-10-08T02:46:36.462Z,baseline,web,small,none,none,1,warm,5,53b1b1f7-2850-4abd-935a-eaddd756cd85,3,0,14,1,1,1,0,1,2,1,45,86.1,86.3,9413,1270,200,false,10,19,ok,,0,ok,true
6,2026-10-08T02:46:37.006Z,baseline,web,small,none,none,1,warm,6,f07fce1d-1601-46d4-b9a0-258a9e029600,3,0,14,1,1,1,0,1,2,1,74.7,141.6,141.9,9413,1270,200,false,10,19,ok,,0,ok,true
7,2026-10-08T02:46:38.205Z,baseline,web,small,none,none,2,cold,1,4bab8564-1bc3-4519-98e2-84090c1d5475,3,0,14,1,1,1,0,1,2,1,86.2,155.1,155.3,9413,1270,200,false,10,19,ok,,0,ok,true
8,2026-10-08T02:46:38.786Z,baseline,web,small,none,none,2,warm,2,81123683-c600-4fb3-81ae-9e6f54bd04d0,3,0,14,1,1,1,0,1,2,1,96.4,159.1,159.4,9413,1270,200,false,10,19,ok,,0,ok,true
9,2026-10-08T02:46:39.375Z,baseline,web,small,none,none,2,warm,3,60378b5b-97fa-43ad-8987-f004c8043f51,3,0,14,1,1,1,0,1,2,1,78,134.3,134.7,9413,1270,200,false,10,19,ok,,0,ok,true
10,2026-10-08T02:46:39.933Z,baseline,web,small,none,none,2,warm,4,a07e6fb0-9d10-461e-8449-f8063aed4e75,3,0,14,1,1,1,0,1,2,1,63.3,125.9,126.1,9413,1270,200,false,10,19,ok,,0,ok,true
11,2026-10-08T02:46:40.480Z,baseline,web,small,none,none,2,warm,5,bc5b6538-b104-47b2-9f32-62e028edab8e,3,0,14,1,1,1,0,1,2,1,85.5,163.2,163.6,9413,1270,200,false,10,19,ok,,0,ok,true
12,2026-10-08T02:46:41.041Z,baseline,web,small,none,none,2,warm,6,1ae2503c-cbe2-4b41-a60c-d5ea6d7dbc73,3,0,14,1,1,1,0,1,2,1,82.5,157.2,157.5,9413,1270,200,false,10,19,ok,,0,ok,true
13,2026-10-08T02:46:42.276Z,baseline,web,small,none,none,3,cold,1,9fbc395f-f41a-42ef-9d06-7aa738f6b2aa,3,0,14,1,1,1,0,1,2,1,84.5,161.2,161.7,9413,1270,200,false,10,19,ok,,0,ok,true
14,2026-10-08T02:46:42.946Z,baseline,web,small,none,none,3,warm,2,b056e2f9-b745-47fe-8387-64f641ea65a5,3,0,14,1,1,1,0,1,2,1,142.3,225.1,225.6,9413,1270,200,false,10,19,ok,,0,ok,true
15,2026-10-08T02:46:43.616Z,baseline,web,small,none,none,3,warm,3,bb6bcabb-171a-420f-b9b0-d13e879c24c5,3,0,14,1,1,1,0,1,2,1,47.6,135.6,135.8,9413,1270,200,false,10,19,ok,,0,ok,true
16,2026-10-08T02:46:44.223Z,baseline,web,small,none,none,3,warm,4,11d2dd20-2f3c-4f70-93c6-d8a5e780cde4,3,0,14,1,1,1,0,1,2,1,122.5,187.8,188,9413,1270,200,false,10,19,ok,,0,ok,true
17,2026-10-08T02:46:44.813Z,baseline,web,small,none,none,3,warm,5,43481605-198a-4079-8779-7b758db96572,3,0,14,1,1,1,0,1,2,1,53.2,138.7,138.9,9413,1270,200,false,10,19,ok,,0,ok,true
18,2026-10-08T02:46:45.388Z,baseline,web,small,none,none,3,warm,6,7893c892-69e9-42c3-903a-6e987d41cf7c,3,0,14,1,1,1,0,1,2,1,104.9,170.6,170.9,9413,1270,200,false,10,19,ok,,0,ok,true
19,2026-10-08T02:46:46.641Z,baseline,web,small,none,none,4,cold,1,c1dba259-b398-4b79-aa75-34914d56c9ce,3,0,14,1,1,1,0,1,2,1,84.2,154.9,155.2,9413,1270,200,false,10,19,ok,,0,ok,true
20,2026-10-08T02:46:47.326Z,baseline,web,small,none,none,4,warm,2,0d924111-6fea-4524-aef4-5e6d5b4e9c02,3,0,14,1,1,1,0,1,2,1,113.4,221.7,222.1,9413,1270,200,false,10,19,ok,,0,ok,true
21,2026-10-08T02:46:47.904Z,baseline,web,small,none,none,4,warm,3,02abea49-41aa-4f83-b74e-f33e3e338898,3,0,14,1,1,1,0,1,2,1,83.1,164.8,164.9,9413,1270,200,false,10,19,ok,,0,ok,true
22,2026-10-08T02:46:48.534Z,baseline,web,small,none,none,4,warm,4,aca5a6ca-9f60-429e-92b0-81c3028d5308,3,0,14,1,1,1,0,1,2,1,108.4,185.8,186,9413,1270,200,false,10,19,ok,,0,ok,true
23,2026-10-08T02:46:49.189Z,baseline,web,small,none,none,4,warm,5,e22f7755-09e5-40b5-98bf-0ebaeedb357e,3,0,14,1,1,1,0,1,2,1,130.8,208.1,208.3,9413,1270,200,false,10,19,ok,,0,ok,true
24,2026-10-08T02:46:49.733Z,baseline,web,small,none,none,4,warm,6,f7059953-ac8a-4341-a846-ecf000888802,3,0,14,1,1,1,0,1,2,1,77.7,144.5,144.7,9413,1270,200,false,10,19,ok,,0,ok,true
25,2026-10-08T02:46:51.162Z,baseline,web,small,none,none,5,cold,1,cf43a91d-2c59-4f37-8003-a061cb67de6a,3,0,14,1,1,1,0,1,2,1,131.3,224.5,224.8,9413,1270,200,false,10,19,ok,,0,ok,true
26,2026-10-08T02:46:51.800Z,baseline,web,small,none,none,5,warm,2,9d07e149-ff3f-41ac-896b-4f71b2ebe243,3,0,14,1,1,1,0,1,2,1,77.8,137.2,137.5,9413,1270,200,false,10,19,ok,,0,ok,true
27,2026-10-08T02:46:52.333Z,baseline,web,small,none,none,5,warm,3,d69b838f-d9c9-4f74-84b5-333de009083b,3,0,14,1,1,1,0,1,2,1,76.6,147.2,147.5,9413,1270,200,false,10,19,ok,,0,ok,true
28,2026-10-08T02:46:52.864Z,baseline,web,small,none,none,5,warm,4,f7e75ee4-7bc2-4717-9592-de80dcbfca04,3,0,14,1,1,1,0,1,2,1,84.6,140.9,141.2,9413,1270,200,false,10,19,ok,,0,ok,true
29,2026-10-08T02:46:53.472Z,baseline,web,small,none,none,5,warm,5,8c1d1e72-feed-4c4f-8ee3-ebd4ba63afb1,3,0,14,1,1,1,0,1,2,1,93,165.4,165.6,9413,1270,200,false,10,19,ok,,0,ok,true
30,2026-10-08T02:46:54.084Z,baseline,web,small,none,none,5,warm,6,8890f528-6065-45d5-bb06-07fe156cc4e8,3,0,14,1,1,1,0,1,2,1,103.3,192,192.4,9413,1270,200,false,10,19,ok,,0,ok,true
31,2026-10-08T02:46:55.266Z,bff,web,small,none,none,1,cold,1,a428865c-276a-4d2a-bb21-2759ab3a8bd1,1,0,14,1,1,1,0,1,2,1,106.4,165.4,165.6,4775,851,200,false,10,19,ok,,0,ok,true
32,2026-10-08T02:46:55.858Z,bff,web,small,none,none,1,warm,2,ca4a4c74-f3cf-4db1-9413-15bf6f2b100b,1,0,14,1,1,1,0,1,2,1,42.5,128.1,128.3,4775,851,200,false,10,19,ok,,0,ok,true
33,2026-10-08T02:46:56.404Z,bff,web,small,none,none,1,warm,3,7146029a-82ce-420b-8386-aab266cae875,1,0,14,1,1,1,0,1,2,1,50,134.1,134.3,4775,851,200,false,10,19,ok,,0,ok,true
34,2026-10-08T02:46:56.903Z,bff,web,small,none,none,1,warm,4,697df0c4-c9d7-4440-8de2-42a4602ed6f8,1,0,14,1,1,1,0,1,2,1,31,92.2,92.4,4775,851,200,false,10,19,ok,,0,ok,true
35,2026-10-08T02:46:57.492Z,bff,web,small,none,none,1,warm,5,fe9995f2-57d3-43d5-9436-4181a220a6fa,1,0,14,1,1,1,0,1,2,1,38.4,116.6,116.9,4775,851,200,false,10,19,ok,,0,ok,true
36,2026-10-08T02:46:58.098Z,bff,web,small,none,none,1,warm,6,8fd79ec5-b08e-4bd9-8b68-3523dd50dbb6,1,0,14,1,1,1,0,1,2,1,40.2,116.6,116.9,4775,851,200,false,10,19,ok,,0,ok,true
37,2026-10-08T02:46:59.457Z,bff,web,small,none,none,2,cold,1,92e569ce-4045-430d-8a3b-48d31ad2a26d,1,0,14,1,1,1,0,1,2,1,123.2,214.7,215.1,4775,851,200,false,10,19,ok,,0,ok,true
38,2026-10-08T02:47:00.069Z,bff,web,small,none,none,2,warm,2,c1215794-8ca2-4303-87b9-087a0bbe7b2e,1,0,14,1,1,1,0,1,2,1,51.9,135.1,135.4,4775,851,200,false,10,19,ok,,0,ok,true
39,2026-10-08T02:47:00.598Z,bff,web,small,none,none,2,warm,3,81585102-a426-41ae-b19d-4a3d1c86798b,1,0,14,1,1,1,0,1,2,1,54.3,115.4,115.6,4775,851,200,false,10,19,ok,,0,ok,true
40,2026-10-08T02:47:01.111Z,bff,web,small,none,none,2,warm,4,b5bc47e5-523a-453e-815a-871ea005fe98,1,0,14,1,1,1,0,1,2,1,53.8,122.3,122.5,4775,851,200,false,10,19,ok,,0,ok,true
41,2026-10-08T02:47:01.736Z,bff,web,small,none,none,2,warm,5,21d1a7e9-318b-4bea-a85c-248ee39dd59e,1,0,14,1,1,1,0,1,2,1,47.9,131.8,132,4775,851,200,false,10,19,ok,,0,ok,true
42,2026-10-08T02:47:02.375Z,bff,web,small,none,none,2,warm,6,06174436-022d-4521-bb95-10ec4fffa546,1,0,14,1,1,1,0,1,2,1,75.6,162.2,162.5,4775,851,200,false,10,19,ok,,0,ok,true
43,2026-10-08T02:47:03.701Z,bff,web,small,none,none,3,cold,1,34b7cba9-b4af-4d94-8690-c8e226a8d56f,1,0,14,1,1,1,0,1,2,1,136.4,209.8,210.1,4775,851,200,false,10,19,ok,,0,ok,true
44,2026-10-08T02:47:04.341Z,bff,web,small,none,none,3,warm,2,bbf82fc1-f98a-40be-b46f-545c342d846f,1,0,14,1,1,1,0,1,2,1,68.7,168.9,169.2,4775,851,200,false,10,19,ok,,0,ok,true
45,2026-10-08T02:47:04.967Z,bff,web,small,none,none,3,warm,3,ae490c36-6bf2-4192-a50a-5cce3cf54217,1,0,14,1,1,1,0,1,2,1,54.7,144.6,144.8,4775,851,200,false,10,19,ok,,0,ok,true
46,2026-10-08T02:47:05.492Z,bff,web,small,none,none,3,warm,4,68deccc6-b41a-4fe7-8d58-524a3f9ccd9e,1,0,14,1,1,1,0,1,2,1,49.2,105,105.1,4775,851,200,false,10,19,ok,,0,ok,true
47,2026-10-08T02:47:06.006Z,bff,web,small,none,none,3,warm,5,82dd7a8d-75d4-4df7-ac45-74cd980c6837,1,0,14,1,1,1,0,1,2,1,40.5,103.7,103.9,4775,851,200,false,10,19,ok,,0,ok,true
48,2026-10-08T02:47:06.629Z,bff,web,small,none,none,3,warm,6,a9fd4566-a76b-4419-8203-cfab1a634791,1,0,14,1,1,1,0,1,2,1,53,136.4,136.6,4775,851,200,false,10,19,ok,,0,ok,true
49,2026-10-08T02:47:07.846Z,bff,web,small,none,none,4,cold,1,2919b2a1-0465-433d-8bb3-8cb6ae53d53e,1,0,14,1,1,1,0,1,2,1,80.6,153.5,153.8,4775,851,200,false,10,19,ok,,0,ok,true
50,2026-10-08T02:47:08.498Z,bff,web,small,none,none,4,warm,2,d0b5f8a6-ce0c-4275-a93b-d0d991d4462e,1,0,14,1,1,1,0,1,2,1,50.7,156.9,157.2,4775,851,200,false,10,19,ok,,0,ok,true
51,2026-10-08T02:47:09.108Z,bff,web,small,none,none,4,warm,3,92c76e0e-5b66-47e7-8d0b-dd0ad17f4548,1,0,14,1,1,1,0,1,2,1,52.9,138.3,138.5,4775,851,200,false,10,19,ok,,0,ok,true
52,2026-10-08T02:47:09.713Z,bff,web,small,none,none,4,warm,4,f7b5fa82-6584-4973-88aa-8556b8a37ec7,1,0,14,1,1,1,0,1,2,1,51.5,134.8,135.1,4775,851,200,false,10,19,ok,,0,ok,true
53,2026-10-08T02:47:10.273Z,bff,web,small,none,none,4,warm,5,7efd9fff-2134-4b43-b15e-76bec8ef9bc8,1,0,14,1,1,1,0,1,2,1,61.7,140.6,140.9,4775,851,200,false,10,19,ok,,0,ok,true
54,2026-10-08T02:47:10.851Z,bff,web,small,none,none,4,warm,6,aed81c9a-fa24-4933-aa7f-f17b89a14133,1,0,14,1,1,1,0,1,2,1,51,126.7,126.9,4775,851,200,false,10,19,ok,,0,ok,true
55,2026-10-08T02:47:12.209Z,bff,web,small,none,none,5,cold,1,fcc631c6-e3ee-4b57-99a6-43e60c39feb8,1,0,14,1,1,1,0,1,2,1,96.8,178.2,178.7,4775,851,200,false,10,19,ok,,0,ok,true
56,2026-10-08T02:47:12.692Z,bff,web,small,none,none,5,warm,2,b85b603d-244d-4019-8a82-744751e422ea,1,0,14,1,1,1,0,1,2,1,32.6,90.2,90.5,4775,851,200,false,10,19,ok,,0,ok,true
57,2026-10-08T02:47:13.234Z,bff,web,small,none,none,5,warm,3,13009590-20af-478d-a18f-95251b3ab93e,1,0,14,1,1,1,0,1,2,1,44.9,107.3,107.6,4775,851,200,false,10,19,ok,,0,ok,true
58,2026-10-08T02:47:13.781Z,bff,web,small,none,none,5,warm,4,a01efe36-98be-4368-b0c3-9e7632e48a37,1,0,14,1,1,1,0,1,2,1,51,113.8,114,4775,851,200,false,10,19,ok,,0,ok,true
59,2026-10-08T02:47:14.342Z,bff,web,small,none,none,5,warm,5,8d47b5a6-c38d-40d9-8e23-f6d2ea0c6e83,1,0,14,1,1,1,0,1,2,1,55.6,127,127.3,4775,851,200,false,10,19,ok,,0,ok,true
60,2026-10-08T02:47:14.872Z,bff,web,small,none,none,5,warm,6,e07398b7-f6d6-4a8b-b5c8-c2d47e3a798d,1,0,14,1,1,1,0,1,2,1,43.4,107.3,107.5,4775,851,200,false,10,19,ok,,0,ok,true
61,2026-10-08T02:47:16.359Z,bff,mobile,small,none,none,1,cold,1,d3e3da66-a087-4d86-a429-ce4b07d65f49,1,0,13,0,1,1,0,0,2,1,135.9,243,243.2,1923,332,200,false,10,19,ok,,0,ok,true
62,2026-10-08T02:47:16.981Z,bff,mobile,small,none,none,1,warm,2,8c6d8e76-b45c-4a54-bbed-c37f810b93ad,1,0,13,0,1,1,0,0,2,1,57,165.9,166.1,1923,332,200,false,10,19,ok,,0,ok,true
63,2026-10-08T02:47:17.466Z,bff,mobile,small,none,none,1,warm,3,04993680-85b1-4d23-9c8d-422b9f9f1c7c,1,0,13,0,1,1,0,0,2,1,35.1,100.5,100.7,1923,332,200,false,10,19,ok,,0,ok,true
64,2026-10-08T02:47:18.058Z,bff,mobile,small,none,none,1,warm,4,6a8f8fa8-5196-4dec-9f87-fe8cc416ee84,1,0,13,0,1,1,0,0,2,1,43.7,107.8,108.4,1923,332,200,false,10,19,ok,,0,ok,true
65,2026-10-08T02:47:18.586Z,bff,mobile,small,none,none,1,warm,5,951dee7b-d579-4f95-b540-5ed8eb4c21e6,1,0,13,0,1,1,0,0,2,1,36.4,118.3,118.7,1923,332,200,false,10,19,ok,,0,ok,true
66,2026-10-08T02:47:19.150Z,bff,mobile,small,none,none,1,warm,6,be40825e-e481-4785-bb93-dc114248d97e,1,0,13,0,1,1,0,0,2,1,37.3,105.6,105.9,1923,332,200,false,10,19,ok,,0,ok,true
67,2026-10-08T02:47:20.548Z,bff,mobile,small,none,none,2,cold,1,a824d961-e9f7-4a03-b8ca-e700febcfa30,1,0,13,0,1,1,0,0,2,1,107.8,169.7,170.1,1923,332,200,false,10,19,ok,,0,ok,true
68,2026-10-08T02:47:21.141Z,bff,mobile,small,none,none,2,warm,2,e6fdf72e-91a2-4b01-a495-ce822f35a2ea,1,0,13,0,1,1,0,0,2,1,39.9,131.8,132.2,1923,332,200,false,10,19,ok,,0,ok,true
69,2026-10-08T02:47:21.667Z,bff,mobile,small,none,none,2,warm,3,44bde41a-3fff-4632-9589-c1f41a9a3d48,1,0,13,0,1,1,0,0,2,1,38.8,106.1,106.3,1923,332,200,false,10,19,ok,,0,ok,true
70,2026-10-08T02:47:22.164Z,bff,mobile,small,none,none,2,warm,4,6094d2b3-03de-4bb9-b980-fd5e2cdb5094,1,0,13,0,1,1,0,0,2,1,32,96.2,96.3,1923,332,200,false,10,19,ok,,0,ok,true
71,2026-10-08T02:47:22.700Z,bff,mobile,small,none,none,2,warm,5,6806de99-f5aa-4b13-8b4e-5d9d82df1f32,1,0,13,0,1,1,0,0,2,1,65,127.5,127.8,1923,332,200,false,10,19,ok,,0,ok,true
72,2026-10-08T02:47:23.255Z,bff,mobile,small,none,none,2,warm,6,35839146-f815-43d3-85ea-fa1afeee66bf,1,0,13,0,1,1,0,0,2,1,35.5,103.5,103.8,1923,332,200,false,10,19,ok,,0,ok,true
73,2026-10-08T02:47:24.457Z,bff,mobile,small,none,none,3,cold,1,991d599a-7bb2-4bcb-ac9d-09bb01f63d12,1,0,13,0,1,1,0,0,2,1,90.7,155.6,155.8,1923,332,200,false,10,19,ok,,0,ok,true
74,2026-10-08T02:47:25.054Z,bff,mobile,small,none,none,3,warm,2,d777c533-29df-450b-acc7-9d0fd74d96b4,1,0,13,0,1,1,0,0,2,1,70.3,141.4,141.7,1923,332,200,false,10,19,ok,,0,ok,true
75,2026-10-08T02:47:25.569Z,bff,mobile,small,none,none,3,warm,3,bb3921d4-eb91-4a84-a348-78506e6e1e55,1,0,13,0,1,1,0,0,2,1,34.3,95.8,96.1,1923,332,200,false,10,19,ok,,0,ok,true
76,2026-10-08T02:47:26.092Z,bff,mobile,small,none,none,3,warm,4,b7ddf116-b459-459e-b4e6-3fc64426f568,1,0,13,0,1,1,0,0,2,1,30.3,91.1,91.3,1923,332,200,false,10,19,ok,,0,ok,true
77,2026-10-08T02:47:26.624Z,bff,mobile,small,none,none,3,warm,5,9aed20b7-058c-41f9-9ff8-1a96b78e6cbc,1,0,13,0,1,1,0,0,2,1,40.1,109.6,109.9,1923,332,200,false,10,19,ok,,0,ok,true
78,2026-10-08T02:47:27.186Z,bff,mobile,small,none,none,3,warm,6,c1cc9f3f-f1a4-41fd-8e97-ff865e278838,1,0,13,0,1,1,0,0,2,1,44.1,97.8,98,1923,332,200,false,10,19,ok,,0,ok,true
79,2026-10-08T02:47:28.507Z,bff,mobile,small,none,none,4,cold,1,d50261b3-0abb-47cd-bae5-d0f4097c3cce,1,0,13,0,1,1,0,0,2,1,88.9,165.9,166.2,1923,332,200,false,10,19,ok,,0,ok,true
80,2026-10-08T02:47:29.211Z,bff,mobile,small,none,none,4,warm,2,395483e0-d021-45bb-8297-666c39e1f6ae,1,0,13,0,1,1,0,0,2,1,34.1,144.2,146.4,1923,332,200,false,10,19,ok,,0,ok,true
81,2026-10-08T02:47:29.757Z,bff,mobile,small,none,none,4,warm,3,1130b8c5-329c-4dcf-8a8c-ca794a373845,1,0,13,0,1,1,0,0,2,1,42.9,122.3,122.6,1923,332,200,false,10,19,ok,,0,ok,true
82,2026-10-08T02:47:30.410Z,bff,mobile,small,none,none,4,warm,4,ec497a59-65f3-4497-9b62-932bb5102c47,1,0,13,0,1,1,0,0,2,1,54.7,140,140.2,1923,332,200,false,10,19,ok,,0,ok,true
83,2026-10-08T02:47:30.953Z,bff,mobile,small,none,none,4,warm,5,2ef802d4-9c89-42dc-bd0a-18b2e82e764c,1,0,13,0,1,1,0,0,2,1,51,113.3,113.6,1923,332,200,false,10,19,ok,,0,ok,true
84,2026-10-08T02:47:31.544Z,bff,mobile,small,none,none,4,warm,6,f1ed81bd-b5cc-4081-a516-ca136dfd1e30,1,0,13,0,1,1,0,0,2,1,44.3,135.6,136,1923,332,200,false,10,19,ok,,0,ok,true
85,2026-10-08T02:47:32.809Z,bff,mobile,small,none,none,5,cold,1,934b0dbf-6dae-4b7f-904b-c83e240f15f6,1,0,13,0,1,1,0,0,2,1,108.4,190.3,190.6,1923,332,200,false,10,19,ok,,0,ok,true
86,2026-10-08T02:47:33.447Z,bff,mobile,small,none,none,5,warm,2,7cc813fa-4ca0-49fa-b10e-8b7cd495ec00,1,0,13,0,1,1,0,0,2,1,60.3,157.8,158.2,1923,332,200,false,10,19,ok,,0,ok,true
87,2026-10-08T02:47:34.041Z,bff,mobile,small,none,none,5,warm,3,86238fac-a79f-40d0-ade3-d3e51c60b62e,1,0,13,0,1,1,0,0,2,1,31.1,87.8,87.9,1923,332,200,false,10,19,ok,,0,ok,true
88,2026-10-08T02:47:34.507Z,bff,mobile,small,none,none,5,warm,4,d72503f6-f4c0-4e3d-b6c5-be1e47a447dc,1,0,13,0,1,1,0,0,2,1,42.3,103.7,103.9,1923,332,200,false,10,19,ok,,0,ok,true
89,2026-10-08T02:47:35.082Z,bff,mobile,small,none,none,5,warm,5,1dddb3f2-811c-43fc-894d-3744452e0842,1,0,13,0,1,1,0,0,2,1,40.2,101.6,101.9,1923,332,200,false,10,19,ok,,0,ok,true
90,2026-10-08T02:47:35.598Z,bff,mobile,small,none,none,5,warm,6,03587291-be93-48d4-8683-07290dc243cd,1,0,13,0,1,1,0,0,2,1,40,108,108.4,1923,332,200,false,10,19,ok,,0,ok,true
91,2026-10-08T02:47:36.875Z,gql-naive,web,small,none,none,1,cold,1,3025b321-614b-495b-9a0a-34f2431f77fe,1,1,14,1,1,19,0,1,2,19,110.3,175.1,175.3,4784,860,200,false,10,19,ok,,0,ok,true
92,2026-10-08T02:47:37.474Z,gql-naive,web,small,none,none,1,warm,2,e7ad8e43-a562-4600-8e12-d40633f7f090,1,1,14,1,1,19,0,1,2,19,61.3,165,165.2,4784,860,200,false,10,19,ok,,0,ok,true
93,2026-10-08T02:47:38.100Z,gql-naive,web,small,none,none,1,warm,3,446dbbe3-9c15-472e-92aa-7f6f55de2cba,1,1,14,1,1,19,0,1,2,19,36.5,108.9,109.2,4784,860,200,false,10,19,ok,,0,ok,true
94,2026-10-08T02:47:38.665Z,gql-naive,web,small,none,none,1,warm,4,a7402a81-da93-48fa-a8b7-93250287f145,1,1,14,1,1,19,0,1,2,19,41.8,126,126.3,4784,860,200,false,10,19,ok,,0,ok,true
95,2026-10-08T02:47:39.259Z,gql-naive,web,small,none,none,1,warm,5,fdbefbe9-e280-4690-b8e0-05a6990d17a5,1,1,14,1,1,19,0,1,2,19,104.4,165,165.4,4784,860,200,false,10,19,ok,,0,ok,true
96,2026-10-08T02:47:39.787Z,gql-naive,web,small,none,none,1,warm,6,2488665e-9578-487b-a08d-87242143e542,1,1,14,1,1,19,0,1,2,19,81.2,149.5,149.8,4784,860,200,false,10,19,ok,,0,ok,true
97,2026-10-08T02:47:41.068Z,gql-naive,web,small,none,none,2,cold,1,41da9e17-2b87-4653-a781-4a9977eb324e,1,1,14,1,1,19,0,1,2,19,118.7,197.3,197.5,4784,860,200,false,10,19,ok,,0,ok,true
98,2026-10-08T02:47:41.688Z,gql-naive,web,small,none,none,2,warm,2,2e504874-0acf-429f-9821-3d9b2224cee8,1,1,14,1,1,19,0,1,2,19,103.9,200.6,201,4784,860,200,false,10,19,ok,,0,ok,true
99,2026-10-08T02:47:42.263Z,gql-naive,web,small,none,none,2,warm,3,887e8aa2-c08d-4b5b-8c6a-6c1ea2f56542,1,1,14,1,1,19,0,1,2,19,78.1,172.9,173.1,4784,860,200,false,10,19,ok,,0,ok,true
100,2026-10-08T02:47:42.842Z,gql-naive,web,small,none,none,2,warm,4,9dab511a-0d77-4586-98d0-5e0cca91a636,1,1,14,1,1,19,0,1,2,19,57.7,128.6,128.8,4784,860,200,false,10,19,ok,,0,ok,true
101,2026-10-08T02:47:43.433Z,gql-naive,web,small,none,none,2,warm,5,e1d3001e-e331-44f5-9dd7-3720a2ec8cc8,1,1,14,1,1,19,0,1,2,19,92.2,158.3,158.6,4784,860,200,false,10,19,ok,,0,ok,true
102,2026-10-08T02:47:43.992Z,gql-naive,web,small,none,none,2,warm,6,85687cec-d1a0-4747-a57e-fdc6e4b38d1a,1,1,14,1,1,19,0,1,2,19,102.6,167.7,168.1,4784,860,200,false,10,19,ok,,0,ok,true
103,2026-10-08T02:47:45.256Z,gql-naive,web,small,none,none,3,cold,1,03dd9087-373b-4789-963a-f66fb3aae584,1,1,14,1,1,19,0,1,2,19,141.8,208.7,209,4784,860,200,false,10,19,ok,,0,ok,true
104,2026-10-08T02:47:45.784Z,gql-naive,web,small,none,none,3,warm,2,b08707cf-f360-4b20-a1ad-7f3321e98be2,1,1,14,1,1,19,0,1,2,19,54.5,126.4,126.6,4784,860,200,false,10,19,ok,,0,ok,true
105,2026-10-08T02:47:46.359Z,gql-naive,web,small,none,none,3,warm,3,5a255e5d-b1d9-493d-bbd4-a8a9f192b990,1,1,14,1,1,19,0,1,2,19,67.5,151.7,152,4784,860,200,false,10,19,ok,,0,ok,true
106,2026-10-08T02:47:46.875Z,gql-naive,web,small,none,none,3,warm,4,0941c474-9d9a-491a-bb08-f3c4b2d0e5ec,1,1,14,1,1,19,0,1,2,19,56.6,125.4,125.6,4784,860,200,false,10,19,ok,,0,ok,true
107,2026-10-08T02:47:47.407Z,gql-naive,web,small,none,none,3,warm,5,7742d986-4624-4ae2-8030-57b3447a9dbd,1,1,14,1,1,19,0,1,2,19,68.4,144.5,144.7,4784,860,200,false,10,19,ok,,0,ok,true
108,2026-10-08T02:47:47.934Z,gql-naive,web,small,none,none,3,warm,6,33af4387-7278-44ef-ae86-6d525343e218,1,1,14,1,1,19,0,1,2,19,63,144.7,144.9,4784,860,200,false,10,19,ok,,0,ok,true
109,2026-10-08T02:47:49.310Z,gql-naive,web,small,none,none,4,cold,1,ec6f71f1-cf34-4ccc-9ee3-7eb0f9927bb5,1,1,14,1,1,19,0,1,2,19,126.6,228.2,228.4,4784,860,200,false,10,19,ok,,0,ok,true
110,2026-10-08T02:47:49.936Z,gql-naive,web,small,none,none,4,warm,2,bb61e326-6581-4cba-b534-2947608f5c9c,1,1,14,1,1,19,0,1,2,19,72.5,176,176.4,4784,860,200,false,10,19,ok,,0,ok,true
111,2026-10-08T02:47:50.510Z,gql-naive,web,small,none,none,4,warm,3,7967e8b3-c888-4660-b5aa-420cd8b22c79,1,1,14,1,1,19,0,1,2,19,40.4,137.3,137.5,4784,860,200,false,10,19,ok,,0,ok,true
112,2026-10-08T02:47:51.052Z,gql-naive,web,small,none,none,4,warm,4,00a3238a-02bb-48dc-82f9-186da924839e,1,1,14,1,1,19,0,1,2,19,47.8,120.3,120.5,4784,860,200,false,10,19,ok,,0,ok,true
113,2026-10-08T02:47:51.673Z,gql-naive,web,small,none,none,4,warm,5,a66f3194-2f7b-4670-b5e2-f64fe423a83e,1,1,14,1,1,19,0,1,2,19,109.3,181.4,181.6,4784,860,200,false,10,19,ok,,0,ok,true
114,2026-10-08T02:47:52.204Z,gql-naive,web,small,none,none,4,warm,6,da5daa39-2c39-452d-abc3-73910603de07,1,1,14,1,1,19,0,1,2,19,59.4,136.9,137.2,4784,860,200,false,10,19,ok,,0,ok,true
115,2026-10-08T02:47:53.500Z,gql-naive,web,small,none,none,5,cold,1,a714dfad-4da2-4d6e-91dd-207464dd0cde,1,1,14,1,1,19,0,1,2,19,113.2,191.1,191.4,4784,860,200,false,10,19,ok,,0,ok,true
116,2026-10-08T02:47:54.134Z,gql-naive,web,small,none,none,5,warm,2,ad4ec74b-cd98-4e59-b092-e367df586db7,1,1,14,1,1,19,0,1,2,19,66.9,161.9,162.3,4784,860,200,false,10,19,ok,,0,ok,true
117,2026-10-08T02:47:54.742Z,gql-naive,web,small,none,none,5,warm,3,09d02834-01cc-4b6b-ae91-f7bff46d494d,1,1,14,1,1,19,0,1,2,19,40.4,106.1,106.3,4784,860,200,false,10,19,ok,,0,ok,true
118,2026-10-08T02:47:55.392Z,gql-naive,web,small,none,none,5,warm,4,f3b93547-bd08-431d-b71c-42c682be9d43,1,1,14,1,1,19,0,1,2,19,48.3,146.2,146.6,4784,860,200,false,10,19,ok,,0,ok,true
119,2026-10-08T02:47:55.987Z,gql-naive,web,small,none,none,5,warm,5,1282d94f-4061-4e43-85fb-a6638ad0fa57,1,1,14,1,1,19,0,1,2,19,75.4,146.2,146.4,4784,860,200,false,10,19,ok,,0,ok,true
120,2026-10-08T02:47:56.690Z,gql-naive,web,small,none,none,5,warm,6,aa0b92c7-eb2d-43ef-aa3d-89cbe8e4f3dd,1,1,14,1,1,19,0,1,2,19,137.6,272,272.2,4784,860,200,false,10,19,ok,,0,ok,true
121,2026-10-08T02:47:57.937Z,gql-naive,mobile,small,none,none,1,cold,1,655d451a-58a5-471e-a027-c01ec71e9799,1,1,13,0,1,19,0,0,2,19,124.6,197.3,197.5,1938,343,200,false,10,19,ok,,0,ok,true
122,2026-10-08T02:47:58.561Z,gql-naive,mobile,small,none,none,1,warm,2,64a3cd18-15a7-4587-a71d-773657ebad1a,1,1,13,0,1,19,0,0,2,19,97.7,184.5,184.9,1938,343,200,false,10,19,ok,,0,ok,true
123,2026-10-08T02:47:59.076Z,gql-naive,mobile,small,none,none,1,warm,3,df8cbbfd-7f8c-4973-8436-f5e30be4a35a,1,1,13,0,1,19,0,0,2,19,33.1,99.5,99.7,1938,343,200,false,10,19,ok,,0,ok,true
124,2026-10-08T02:47:59.524Z,gql-naive,mobile,small,none,none,1,warm,4,7563c8d6-0c58-4eca-953b-ca27031e7ef9,1,1,13,0,1,19,0,0,2,19,42.4,102.4,102.6,1938,343,200,false,10,19,ok,,0,ok,true
125,2026-10-08T02:48:00.041Z,gql-naive,mobile,small,none,none,1,warm,5,952025b6-199e-46e8-a7e3-e5438861ecf8,1,1,13,0,1,19,0,0,2,19,73.3,148.6,148.7,1938,343,200,false,10,19,ok,,0,ok,true
126,2026-10-08T02:48:00.616Z,gql-naive,mobile,small,none,none,1,warm,6,636c4efd-4369-41df-8939-6604279abd2d,1,1,13,0,1,19,0,0,2,19,55.1,143.2,143.4,1938,343,200,false,10,19,ok,,0,ok,true
127,2026-10-08T02:48:01.983Z,gql-naive,mobile,small,none,none,2,cold,1,0a3e43a8-487d-4c4d-a475-1ae4ddf733e1,1,1,13,0,1,19,0,0,2,19,122.7,216.5,216.7,1938,343,200,false,10,19,ok,,0,ok,true
128,2026-10-08T02:48:02.588Z,gql-naive,mobile,small,none,none,2,warm,2,6912fe8e-4701-4334-a37a-6da19d3df96c,1,1,13,0,1,19,0,0,2,19,79,186.5,186.7,1938,343,200,false,10,19,ok,,0,ok,true
129,2026-10-08T02:48:03.198Z,gql-naive,mobile,small,none,none,2,warm,3,62f03b9e-8dea-4dac-85ca-3be0ac584dac,1,1,13,0,1,19,0,0,2,19,37.7,151,151.2,1938,343,200,false,10,19,ok,,0,ok,true
130,2026-10-08T02:48:03.880Z,gql-naive,mobile,small,none,none,2,warm,4,b446dee4-023e-4ba6-85cd-eaf681a69fc8,1,1,13,0,1,19,0,0,2,19,55.4,157.7,157.9,1938,343,200,false,10,19,ok,,0,ok,true
131,2026-10-08T02:48:04.491Z,gql-naive,mobile,small,none,none,2,warm,5,ee9778f9-7566-40f1-b693-5f4b8b3dbc69,1,1,13,0,1,19,0,0,2,19,76.7,175.9,176.2,1938,343,200,false,10,19,ok,,0,ok,true
132,2026-10-08T02:48:05.081Z,gql-naive,mobile,small,none,none,2,warm,6,e801bc11-d3a7-4056-aea3-305b24e4fb8c,1,1,13,0,1,19,0,0,2,19,88.5,171,171.3,1938,343,200,false,10,19,ok,,0,ok,true
133,2026-10-08T02:48:06.331Z,gql-naive,mobile,small,none,none,3,cold,1,620b6898-046b-4a3e-8152-cfcbd06b8c91,1,1,13,0,1,19,0,0,2,19,112.4,190.7,191,1938,343,200,false,10,19,ok,,0,ok,true
134,2026-10-08T02:48:06.876Z,gql-naive,mobile,small,none,none,3,warm,2,0ed88089-4c2a-43eb-960a-f5c1d48c4a41,1,1,13,0,1,19,0,0,2,19,71.9,155.3,155.6,1938,343,200,false,10,19,ok,,0,ok,true
135,2026-10-08T02:48:07.423Z,gql-naive,mobile,small,none,none,3,warm,3,f65be443-ecd1-4844-bc45-d1fc0bf55f55,1,1,13,0,1,19,0,0,2,19,33.7,116.1,116.4,1938,343,200,false,10,19,ok,,0,ok,true
136,2026-10-08T02:48:07.906Z,gql-naive,mobile,small,none,none,3,warm,4,24c90dd9-303f-4cd3-9814-eade6261683b,1,1,13,0,1,19,0,0,2,19,36.9,100.7,100.8,1938,343,200,false,10,19,ok,,0,ok,true
137,2026-10-08T02:48:08.357Z,gql-naive,mobile,small,none,none,3,warm,5,a5f93e51-4fab-4819-bad7-427ab213f9db,1,1,13,0,1,19,0,0,2,19,45.3,109.4,109.5,1938,343,200,false,10,19,ok,,0,ok,true
138,2026-10-08T02:48:08.861Z,gql-naive,mobile,small,none,none,3,warm,6,69bfe063-f99f-4757-ab41-4c80952b07dd,1,1,13,0,1,19,0,0,2,19,68.2,127.5,127.7,1938,343,200,false,10,19,ok,,0,ok,true
139,2026-10-08T02:48:10.069Z,gql-naive,mobile,small,none,none,4,cold,1,62bdb115-c952-405d-81b1-f80842f1afec,1,1,13,0,1,19,0,0,2,19,107,180.3,180.6,1938,343,200,false,10,19,ok,,0,ok,true
140,2026-10-08T02:48:10.674Z,gql-naive,mobile,small,none,none,4,warm,2,6b545a17-c117-4a1c-b724-ecd162acdfc9,1,1,13,0,1,19,0,0,2,19,45.2,133.7,133.9,1938,343,200,false,10,19,ok,,0,ok,true
141,2026-10-08T02:48:11.221Z,gql-naive,mobile,small,none,none,4,warm,3,78284ed1-d903-434c-b9b4-48498042ef5d,1,1,13,0,1,19,0,0,2,19,53.2,136.2,136.6,1938,343,200,false,10,19,ok,,0,ok,true
142,2026-10-08T02:48:11.780Z,gql-naive,mobile,small,none,none,4,warm,4,e499d303-df95-4470-9f2c-77315468644e,1,1,13,0,1,19,0,0,2,19,37.1,118.9,119.2,1938,343,200,false,10,19,ok,,0,ok,true
143,2026-10-08T02:48:12.341Z,gql-naive,mobile,small,none,none,4,warm,5,bbaed17d-b3f7-4210-a9e3-9684cde0b31a,1,1,13,0,1,19,0,0,2,19,88.4,168.1,168.2,1938,343,200,false,10,19,ok,,0,ok,true
144,2026-10-08T02:48:12.948Z,gql-naive,mobile,small,none,none,4,warm,6,fde84bb2-fd7e-47da-a3ef-18a33cdae9ed,1,1,13,0,1,19,0,0,2,19,74.1,148.7,148.8,1938,343,200,false,10,19,ok,,0,ok,true
145,2026-10-08T02:48:14.135Z,gql-naive,mobile,small,none,none,5,cold,1,f379065a-cc75-4a0c-845e-a4e5c90d4cf7,1,1,13,0,1,19,0,0,2,19,116.6,181.3,181.6,1938,343,200,false,10,19,ok,,0,ok,true
146,2026-10-08T02:48:14.696Z,gql-naive,mobile,small,none,none,5,warm,2,99a26bee-6790-49f2-b712-fe58ed00f393,1,1,13,0,1,19,0,0,2,19,52.2,130.4,130.7,1938,343,200,false,10,19,ok,,0,ok,true
147,2026-10-08T02:48:15.292Z,gql-naive,mobile,small,none,none,5,warm,3,7c988677-5669-49fa-898a-1b6d842e4385,1,1,13,0,1,19,0,0,2,19,60.8,158.9,159.4,1938,343,200,false,10,19,ok,,0,ok,true
148,2026-10-08T02:48:15.852Z,gql-naive,mobile,small,none,none,5,warm,4,3377ce8e-34e0-4c42-88f6-a8f940059878,1,1,13,0,1,19,0,0,2,19,32.5,113,113.2,1938,343,200,false,10,19,ok,,0,ok,true
149,2026-10-08T02:48:16.380Z,gql-naive,mobile,small,none,none,5,warm,5,b19ae035-e40e-42ef-8126-d495f04bd325,1,1,13,0,1,19,0,0,2,19,52.6,115.1,115.3,1938,343,200,false,10,19,ok,,0,ok,true
150,2026-10-08T02:48:16.923Z,gql-naive,mobile,small,none,none,5,warm,6,599c1012-da26-4924-83e8-84dcd9c286a5,1,1,13,0,1,19,0,0,2,19,63.7,140.1,140.3,1938,343,200,false,10,19,ok,,0,ok,true
151,2026-10-08T02:48:18.318Z,gql-batched,web,small,none,none,1,cold,1,a73897ab-b9ca-49e5-ac93-60eaca1f047e,1,1,14,1,1,1,13,1,2,1,132.2,210.5,210.7,4784,860,200,false,10,19,ok,,0,ok,true
152,2026-10-08T02:48:18.894Z,gql-batched,web,small,none,none,1,warm,2,2562748a-8b8a-47c7-a95b-20e8f690a63c,1,1,14,1,1,1,13,1,2,1,80.7,144.1,144.6,4784,860,200,false,10,19,ok,,0,ok,true
153,2026-10-08T02:48:19.455Z,gql-batched,web,small,none,none,1,warm,3,959bc9fa-098d-4f5b-96f8-e61c28c38219,1,1,14,1,1,1,13,1,2,1,50.9,117.7,117.9,4784,860,200,false,10,19,ok,,0,ok,true
154,2026-10-08T02:48:20.001Z,gql-batched,web,small,none,none,1,warm,4,9c2b4677-4135-4b6b-980c-b2fba792cedf,1,1,14,1,1,1,13,1,2,1,43,102.3,102.5,4784,860,200,false,10,19,ok,,0,ok,true
155,2026-10-08T02:48:20.559Z,gql-batched,web,small,none,none,1,warm,5,61dbfbb5-f508-4839-9a00-7c2bb53f2709,1,1,14,1,1,1,13,1,2,1,42.3,100.9,101.1,4784,860,200,false,10,19,ok,,0,ok,true
156,2026-10-08T02:48:21.029Z,gql-batched,web,small,none,none,1,warm,6,b023a899-4127-43b3-b404-0bbdf1409f6c,1,1,14,1,1,1,13,1,2,1,54.5,112.8,112.9,4784,860,200,false,10,19,ok,,0,ok,true
157,2026-10-08T02:48:22.368Z,gql-batched,web,small,none,none,2,cold,1,655ddbef-7a29-4b79-a895-7d34074bad87,1,1,14,1,1,1,13,1,2,1,115.4,194.1,194.4,4784,860,200,false,10,19,ok,,0,ok,true
158,2026-10-08T02:48:22.913Z,gql-batched,web,small,none,none,2,warm,2,8591a044-5e85-4c66-8f99-5ef0197271f7,1,1,14,1,1,1,13,1,2,1,39.4,103.1,103.4,4784,860,200,false,10,19,ok,,0,ok,true
159,2026-10-08T02:48:23.534Z,gql-batched,web,small,none,none,2,warm,3,6407a1df-046f-4e60-9889-39446579cdfd,1,1,14,1,1,1,13,1,2,1,38,114.7,115,4784,860,200,false,10,19,ok,,0,ok,true
160,2026-10-08T02:48:24.110Z,gql-batched,web,small,none,none,2,warm,4,09226b03-ef19-4872-8b42-8a3824626ede,1,1,14,1,1,1,13,1,2,1,43.6,124,124.2,4784,860,200,false,10,19,ok,,0,ok,true
161,2026-10-08T02:48:24.657Z,gql-batched,web,small,none,none,2,warm,5,4963c371-0b94-4b8b-bb87-323bc9091344,1,1,14,1,1,1,13,1,2,1,57.3,137,137.2,4784,860,200,false,10,19,ok,,0,ok,true
162,2026-10-08T02:48:25.154Z,gql-batched,web,small,none,none,2,warm,6,924b6016-bb11-4650-963f-a0ef84585c32,1,1,14,1,1,1,13,1,2,1,49.4,109.8,110,4784,860,200,false,10,19,ok,,0,ok,true
163,2026-10-08T02:48:26.387Z,gql-batched,web,small,none,none,3,cold,1,a5d9c841-17dc-4fbb-b8ae-0ba06f80f35b,1,1,14,1,1,1,13,1,2,1,90.7,150.9,151.2,4784,860,200,false,10,19,ok,,0,ok,true
164,2026-10-08T02:48:26.965Z,gql-batched,web,small,none,none,3,warm,2,ff7e6660-a9b4-432a-8fc9-647e79b50a5a,1,1,14,1,1,1,13,1,2,1,71,149.1,149.6,4784,860,200,false,10,19,ok,,0,ok,true
165,2026-10-08T02:48:27.559Z,gql-batched,web,small,none,none,3,warm,3,343e7c58-8df8-49c0-942d-e0f4924113c8,1,1,14,1,1,1,13,1,2,1,58,152.7,153.1,4784,860,200,false,10,19,ok,,0,ok,true
166,2026-10-08T02:48:28.140Z,gql-batched,web,small,none,none,3,warm,4,7f9218fb-b021-44d2-a214-4bb85d79ab2c,1,1,14,1,1,1,13,1,2,1,44.6,128.9,129.2,4784,860,200,false,10,19,ok,,0,ok,true
167,2026-10-08T02:48:28.700Z,gql-batched,web,small,none,none,3,warm,5,ff282e9d-5c0b-4d00-b515-65953a810db4,1,1,14,1,1,1,13,1,2,1,58.4,145.3,145.5,4784,860,200,false,10,19,ok,,0,ok,true
168,2026-10-08T02:48:29.291Z,gql-batched,web,small,none,none,3,warm,6,e4936525-31e6-49df-b8b4-c2578e093ace,1,1,14,1,1,1,13,1,2,1,46.5,114.2,114.3,4784,860,200,false,10,19,ok,,0,ok,true
169,2026-10-08T02:48:30.538Z,gql-batched,web,small,none,none,4,cold,1,86be98c0-5ab8-4e0e-91a6-28c93e4eea0c,1,1,14,1,1,1,13,1,2,1,98.3,169.3,169.4,4784,860,200,false,10,19,ok,,0,ok,true
170,2026-10-08T02:48:31.034Z,gql-batched,web,small,none,none,4,warm,2,fc0601fc-3548-4c28-8e4c-e35d650d55e5,1,1,14,1,1,1,13,1,2,1,50.3,116.4,116.6,4784,860,200,false,10,19,ok,,0,ok,true
171,2026-10-08T02:48:31.576Z,gql-batched,web,small,none,none,4,warm,3,b86fca69-45cc-43d8-947f-a6512c4e9604,1,1,14,1,1,1,13,1,2,1,67.5,150,150.2,4784,860,200,false,10,19,ok,,0,ok,true
172,2026-10-08T02:48:32.091Z,gql-batched,web,small,none,none,4,warm,4,df44c996-42a8-4df7-a4fb-511e11004927,1,1,14,1,1,1,13,1,2,1,46.4,115.3,115.6,4784,860,200,false,10,19,ok,,0,ok,true
173,2026-10-08T02:48:32.628Z,gql-batched,web,small,none,none,4,warm,5,84cc213a-b868-4242-9574-fefd8d384414,1,1,14,1,1,1,13,1,2,1,34.6,101.9,102.2,4784,860,200,false,10,19,ok,,0,ok,true
174,2026-10-08T02:48:33.244Z,gql-batched,web,small,none,none,4,warm,6,5411cc80-f117-4aa0-9d05-a7e452939e47,1,1,14,1,1,1,13,1,2,1,49.1,128,128.3,4784,860,200,false,10,19,ok,,0,ok,true
175,2026-10-08T02:48:34.612Z,gql-batched,web,small,none,none,5,cold,1,548f0deb-313b-4684-8121-4c14a4e7e800,1,1,14,1,1,1,13,1,2,1,118.6,214.6,214.8,4784,860,200,false,10,19,ok,,0,ok,true
176,2026-10-08T02:48:35.253Z,gql-batched,web,small,none,none,5,warm,2,3fb20d33-f1c8-42d6-be30-341cba34d36a,1,1,14,1,1,1,13,1,2,1,46.3,145.3,145.6,4784,860,200,false,10,19,ok,,0,ok,true
177,2026-10-08T02:48:35.828Z,gql-batched,web,small,none,none,5,warm,3,1f80b436-8e36-4b90-8224-4256f70a914c,1,1,14,1,1,1,13,1,2,1,59.5,150.9,151.1,4784,860,200,false,10,19,ok,,0,ok,true
178,2026-10-08T02:48:36.406Z,gql-batched,web,small,none,none,5,warm,4,fd79ef4b-54f9-4e9c-8e72-e723c6153afc,1,1,14,1,1,1,13,1,2,1,41.7,111,111.4,4784,860,200,false,10,19,ok,,0,ok,true
179,2026-10-08T02:48:36.983Z,gql-batched,web,small,none,none,5,warm,5,ed6035fd-144a-4dc6-95ef-c9d6095dd3c4,1,1,14,1,1,1,13,1,2,1,57.4,127.3,127.5,4784,860,200,false,10,19,ok,,0,ok,true
180,2026-10-08T02:48:37.546Z,gql-batched,web,small,none,none,5,warm,6,88976592-3796-40f2-9396-37697b39d0d5,1,1,14,1,1,1,13,1,2,1,80.1,156.5,156.6,4784,860,200,false,10,19,ok,,0,ok,true
181,2026-10-08T02:48:38.932Z,gql-batched,mobile,small,none,none,1,cold,1,1c2a1d4b-ba59-4f06-8766-74a5950c556b,1,1,13,0,1,1,13,0,2,1,139.4,233.1,233.4,1938,343,200,false,10,19,ok,,0,ok,true
182,2026-10-08T02:48:39.603Z,gql-batched,mobile,small,none,none,1,warm,2,3f2ae2c6-6841-4d82-af00-56941274ca16,1,1,13,0,1,1,13,0,2,1,80.4,173.3,173.6,1938,343,200,false,10,19,ok,,0,ok,true
183,2026-10-08T02:48:40.149Z,gql-batched,mobile,small,none,none,1,warm,3,a789e0a6-9145-4abb-be3f-f378728a59f5,1,1,13,0,1,1,13,0,2,1,50.5,117.4,117.7,1938,343,200,false,10,19,ok,,0,ok,true
184,2026-10-08T02:48:40.738Z,gql-batched,mobile,small,none,none,1,warm,4,8be90f58-172c-4330-8a40-b33f9572b086,1,1,13,0,1,1,13,0,2,1,39.9,107.6,107.8,1938,343,200,false,10,19,ok,,0,ok,true
185,2026-10-08T02:48:41.236Z,gql-batched,mobile,small,none,none,1,warm,5,b8f2f4c6-3722-4eb8-8fc9-e8b30d34e864,1,1,13,0,1,1,13,0,2,1,73,130.1,130.4,1938,343,200,false,10,19,ok,,0,ok,true
186,2026-10-08T02:48:41.718Z,gql-batched,mobile,small,none,none,1,warm,6,00b2a347-542c-4b5d-8968-92f59c5bfe9e,1,1,13,0,1,1,13,0,2,1,30.6,86.5,86.8,1938,343,200,false,10,19,ok,,0,ok,true
187,2026-10-08T02:48:43.060Z,gql-batched,mobile,small,none,none,2,cold,1,e2e4df52-0c4e-4cfd-94c2-6339e6acc43b,1,1,13,0,1,1,13,0,2,1,109.8,184,184.4,1938,343,200,false,10,19,ok,,0,ok,true
188,2026-10-08T02:48:43.670Z,gql-batched,mobile,small,none,none,2,warm,2,dbe5760b-6bc4-41c9-8e3e-6c46fabc6d79,1,1,13,0,1,1,13,0,2,1,71.6,156.7,157.2,1938,343,200,false,10,19,ok,,0,ok,true
189,2026-10-08T02:48:44.247Z,gql-batched,mobile,small,none,none,2,warm,3,0d93ef05-234a-43d3-9f54-3134a9863df6,1,1,13,0,1,1,13,0,2,1,47.3,158.1,158.2,1938,343,200,false,10,19,ok,,0,ok,true
190,2026-10-08T02:48:44.766Z,gql-batched,mobile,small,none,none,2,warm,4,7d6e478c-7750-492f-87f4-4d819a16ff4a,1,1,13,0,1,1,13,0,2,1,57,121.3,121.5,1938,343,200,false,10,19,ok,,0,ok,true
191,2026-10-08T02:48:45.387Z,gql-batched,mobile,small,none,none,2,warm,5,1008d19c-a587-4d4b-9dfa-3f27519f4098,1,1,13,0,1,1,13,0,2,1,48.1,148.4,148.6,1938,343,200,false,10,19,ok,,0,ok,true
192,2026-10-08T02:48:45.993Z,gql-batched,mobile,small,none,none,2,warm,6,ff1bde55-3d18-4277-aff6-dc751fee9037,1,1,13,0,1,1,13,0,2,1,45.5,123.8,124.4,1938,343,200,false,10,19,ok,,0,ok,true
193,2026-10-08T02:48:47.191Z,gql-batched,mobile,small,none,none,3,cold,1,d408c9be-2733-4381-acdc-0ac7c7f00e0f,1,1,13,0,1,1,13,0,2,1,93.2,160.6,160.8,1938,343,200,false,10,19,ok,,0,ok,true
194,2026-10-08T02:48:47.813Z,gql-batched,mobile,small,none,none,3,warm,2,0b6227e3-67f9-4fa5-8c7f-983ae3c5f383,1,1,13,0,1,1,13,0,2,1,54.8,146.8,147.2,1938,343,200,false,10,19,ok,,0,ok,true
195,2026-10-08T02:48:48.391Z,gql-batched,mobile,small,none,none,3,warm,3,d677f8c6-0b21-4352-a094-8ff21814130c,1,1,13,0,1,1,13,0,2,1,40.4,116.5,117,1938,343,200,false,10,19,ok,,0,ok,true
196,2026-10-08T02:48:48.936Z,gql-batched,mobile,small,none,none,3,warm,4,cde10222-8e3f-4bcd-8636-cc2464ef4631,1,1,13,0,1,1,13,0,2,1,37.8,106.8,107.2,1938,343,200,false,10,19,ok,,0,ok,true
197,2026-10-08T02:48:49.510Z,gql-batched,mobile,small,none,none,3,warm,5,04cd6372-87be-4b9c-b4d9-a21881584414,1,1,13,0,1,1,13,0,2,1,52.4,129.2,129.7,1938,343,200,false,10,19,ok,,0,ok,true
198,2026-10-08T02:48:50.102Z,gql-batched,mobile,small,none,none,3,warm,6,d95e7e2c-4ac5-4361-85a8-c97d4501a515,1,1,13,0,1,1,13,0,2,1,72.3,164.5,165,1938,343,200,false,10,19,ok,,0,ok,true
199,2026-10-08T02:48:51.475Z,gql-batched,mobile,small,none,none,4,cold,1,fe16ce38-d545-47e3-8e46-e5617c9ed286,1,1,13,0,1,1,13,0,2,1,102.5,213,213.5,1938,343,200,false,10,19,ok,,0,ok,true
200,2026-10-08T02:48:52.038Z,gql-batched,mobile,small,none,none,4,warm,2,ec0e79f3-f711-4a26-b736-6bbec1839281,1,1,13,0,1,1,13,0,2,1,56.1,131,131.3,1938,343,200,false,10,19,ok,,0,ok,true
201,2026-10-08T02:48:52.644Z,gql-batched,mobile,small,none,none,4,warm,3,89903a8d-7e78-4923-a6d2-d5bfafc2936e,1,1,13,0,1,1,13,0,2,1,41.1,132.9,133.1,1938,343,200,false,10,19,ok,,0,ok,true
202,2026-10-08T02:48:53.242Z,gql-batched,mobile,small,none,none,4,warm,4,6ce3ee3a-278a-4ef0-8fa9-0e0f00213237,1,1,13,0,1,1,13,0,2,1,43.5,134.3,134.5,1938,343,200,false,10,19,ok,,0,ok,true
203,2026-10-08T02:48:53.847Z,gql-batched,mobile,small,none,none,4,warm,5,9512a0ee-169b-4a63-99f1-36784f0797aa,1,1,13,0,1,1,13,0,2,1,75.3,151.5,151.6,1938,343,200,false,10,19,ok,,0,ok,true
204,2026-10-08T02:48:54.345Z,gql-batched,mobile,small,none,none,4,warm,6,fdbcb991-8945-40ab-a734-101562ecbffa,1,1,13,0,1,1,13,0,2,1,39.6,121.2,121.5,1938,343,200,false,10,19,ok,,0,ok,true
205,2026-10-08T02:48:55.655Z,gql-batched,mobile,small,none,none,5,cold,1,023d9d8c-b5cb-4900-9bda-223dc2a19902,1,1,13,0,1,1,13,0,2,1,88.1,161.5,161.8,1938,343,200,false,10,19,ok,,0,ok,true
206,2026-10-08T02:48:56.279Z,gql-batched,mobile,small,none,none,5,warm,2,c546c6a3-f54a-4a5f-b88d-2acc248e88c3,1,1,13,0,1,1,13,0,2,1,42,144.4,144.8,1938,343,200,false,10,19,ok,,0,ok,true
207,2026-10-08T02:48:56.778Z,gql-batched,mobile,small,none,none,5,warm,3,2b5bf947-04ac-4dd3-bafa-cdf7aad82023,1,1,13,0,1,1,13,0,2,1,40.3,98,98.1,1938,343,200,false,10,19,ok,,0,ok,true
208,2026-10-08T02:48:57.366Z,gql-batched,mobile,small,none,none,5,warm,4,565eae40-30cb-4e32-a376-1282201577c6,1,1,13,0,1,1,13,0,2,1,30.6,110.4,110.6,1938,343,200,false,10,19,ok,,0,ok,true
209,2026-10-08T02:48:57.944Z,gql-batched,mobile,small,none,none,5,warm,5,596ba136-cce8-4935-b9a0-1fb7df29006a,1,1,13,0,1,1,13,0,2,1,44.6,124.3,124.4,1938,343,200,false,10,19,ok,,0,ok,true
210,2026-10-08T02:48:58.505Z,gql-batched,mobile,small,none,none,5,warm,6,5955cc86-5fdc-4b3e-bbc3-3a1a0775fb90,1,1,13,0,1,1,13,0,2,1,66.9,138.4,138.6,1938,343,200,false,10,19,ok,,0,ok,true
211,2026-10-08T02:48:59.846Z,baseline,web,large,none,none,1,cold,1,b026fd5f-26bf-4846-830e-5ed35381a330,3,0,38,1,1,1,0,1,2,1,109.8,173.7,174.1,96047,5176,200,false,200,399,ok,,0,ok,true
212,2026-10-08T02:49:00.700Z,baseline,web,large,none,none,1,warm,2,7f5cb427-44b9-4d6e-a4b4-d5053282137b,3,0,38,1,1,1,0,1,2,1,129.5,238.5,239.3,96047,5176,200,false,200,399,ok,,0,ok,true
213,2026-10-08T02:49:01.429Z,baseline,web,large,none,none,1,warm,3,2fc2ddfb-9717-4a41-9323-2b412497d7ca,3,0,38,1,1,1,0,1,2,1,141.6,203.2,203.6,96047,5176,200,false,200,399,ok,,0,ok,true
214,2026-10-08T02:49:02.130Z,baseline,web,large,none,none,1,warm,4,b1d28c2a-8a39-4edc-afa7-2e4b0c91f33d,3,0,38,1,1,1,0,1,2,1,119.5,184.2,184.7,96047,5176,200,false,200,399,ok,,0,ok,true
215,2026-10-08T02:49:02.862Z,baseline,web,large,none,none,1,warm,5,0f1374de-4bb5-43e4-94b9-3a5efba9e14f,3,0,38,1,1,1,0,1,2,1,119.2,210.1,210.5,96047,5176,200,false,200,399,ok,,0,ok,true
216,2026-10-08T02:49:03.609Z,baseline,web,large,none,none,1,warm,6,d6d9cbf6-3f46-4754-9f46-a36d5c27f35d,3,0,38,1,1,1,0,1,2,1,127.6,193.3,193.7,96047,5176,200,false,200,399,ok,,0,ok,true
217,2026-10-08T02:49:04.962Z,baseline,web,large,none,none,2,cold,1,e65f8393-3289-4f17-9097-efc6661b3b7d,3,0,38,1,1,1,0,1,2,1,110.3,194,194.5,96047,5176,200,false,200,399,ok,,0,ok,true
218,2026-10-08T02:49:05.767Z,baseline,web,large,none,none,2,warm,2,38bc4d34-31bf-4263-b80e-4d3c5c550235,3,0,38,1,1,1,0,1,2,1,140.7,223.4,224.1,96047,5176,200,false,200,399,ok,,0,ok,true
219,2026-10-08T02:49:06.481Z,baseline,web,large,none,none,2,warm,3,7f931eab-08ae-48d1-8c24-2fed9b5e7cc6,3,0,38,1,1,1,0,1,2,1,117.9,193.7,210.7,96047,5176,200,false,200,399,ok,,0,ok,true
220,2026-10-08T02:49:07.200Z,baseline,web,large,none,none,2,warm,4,d3e773dc-05b2-4a7d-a6ff-3f100cc6a613,3,0,38,1,1,1,0,1,2,1,86.9,167.6,168,96047,5176,200,false,200,399,ok,,0,ok,true
221,2026-10-08T02:49:07.916Z,baseline,web,large,none,none,2,warm,5,7e8653cf-e3f4-4598-bd78-efa631c8c601,3,0,38,1,1,1,0,1,2,1,91.8,171.3,190.2,96047,5176,200,false,200,399,ok,,0,ok,true
222,2026-10-08T02:49:08.632Z,baseline,web,large,none,none,2,warm,6,b109bea3-3680-4291-931b-783cc2d3f063,3,0,38,1,1,1,0,1,2,1,107.6,178.6,197.2,96047,5176,200,false,200,399,ok,,0,ok,true
223,2026-10-08T02:49:10.282Z,baseline,web,large,none,none,3,cold,1,683781df-2bf6-48f3-961a-79d080cfadb2,3,0,38,1,1,1,0,1,2,1,150.9,343.1,343.7,96047,5176,200,false,200,399,ok,,0,ok,true
224,2026-10-08T02:49:11.074Z,baseline,web,large,none,none,3,warm,2,fe12f782-9576-40e0-9269-fc847d60edd3,3,0,38,1,1,1,0,1,2,1,147.5,238.7,239.2,96047,5176,200,false,200,399,ok,,0,ok,true
225,2026-10-08T02:49:11.866Z,baseline,web,large,none,none,3,warm,3,ea37b298-f387-4172-967e-b96ec0faf31c,3,0,38,1,1,1,0,1,2,1,130.3,211.8,229.9,96047,5176,200,false,200,399,ok,,0,ok,true
226,2026-10-08T02:49:12.539Z,baseline,web,large,none,none,3,warm,4,0cabe90d-c70c-4cfd-8b8b-4eeda7528e32,3,0,38,1,1,1,0,1,2,1,114.3,171.2,171.5,96047,5176,200,false,200,399,ok,,0,ok,true
227,2026-10-08T02:49:13.301Z,baseline,web,large,none,none,3,warm,5,8ad7bf52-89f7-4ce7-95c9-7165a7fdf9f2,3,0,38,1,1,1,0,1,2,1,113.2,190.7,205.4,96047,5176,200,false,200,399,ok,,0,ok,true
228,2026-10-08T02:49:14.062Z,baseline,web,large,none,none,3,warm,6,97c7470b-d537-45b8-8ffa-bf98a917967d,3,0,38,1,1,1,0,1,2,1,109.8,192.7,209.1,96047,5176,200,false,200,399,ok,,0,ok,true
229,2026-10-08T02:49:15.386Z,baseline,web,large,none,none,4,cold,1,130bafa7-2ee2-4d8d-aaa4-2c09f3330d43,3,0,38,1,1,1,0,1,2,1,132.5,211,211.4,96047,5176,200,false,200,399,ok,,0,ok,true
230,2026-10-08T02:49:16.120Z,baseline,web,large,none,none,4,warm,2,092c81fb-0152-4afa-bbc7-3c18d0a08fc2,3,0,38,1,1,1,0,1,2,1,115.2,198,198.3,96047,5176,200,false,200,399,ok,,0,ok,true
231,2026-10-08T02:49:16.849Z,baseline,web,large,none,none,4,warm,3,a9936e7d-6621-465a-9e90-60ca784e0576,3,0,38,1,1,1,0,1,2,1,112.1,181.2,181.6,96047,5176,200,false,200,399,ok,,0,ok,true
232,2026-10-08T02:49:17.583Z,baseline,web,large,none,none,4,warm,4,250a06a5-7cb8-4924-90e5-f297e7cb3bb8,3,0,38,1,1,1,0,1,2,1,107.3,182.9,205.4,96047,5176,200,false,200,399,ok,,0,ok,true
233,2026-10-08T02:49:19.271Z,baseline,web,large,none,none,4,warm,5,a5ab9c19-5fec-496e-ad3b-80efe9c13390,3,0,38,1,1,1,0,1,2,1,91.5,1149.2,1149.5,96047,5176,200,false,200,399,ok,,0,ok,true
234,2026-10-08T02:49:20.066Z,baseline,web,large,none,none,4,warm,6,c553523e-a22d-4904-8833-9319957f44ff,3,0,38,1,1,1,0,1,2,1,113.1,198,198.4,96047,5176,200,false,200,399,ok,,0,ok,true
235,2026-10-08T02:49:21.621Z,baseline,web,large,none,none,5,cold,1,ff37a21d-f8c9-4426-bbca-222c942a788d,3,0,38,1,1,1,0,1,2,1,153,221.6,221.9,96047,5176,200,false,200,399,ok,,0,ok,true
236,2026-10-08T02:49:22.323Z,baseline,web,large,none,none,5,warm,2,d35ddbc8-b14e-4a78-a997-7477dacd10a0,3,0,38,1,1,1,0,1,2,1,136.7,197.5,198,96047,5176,200,false,200,399,ok,,0,ok,true
237,2026-10-08T02:49:23.025Z,baseline,web,large,none,none,5,warm,3,3d37300e-cf9a-49c3-bd5f-2907de497a64,3,0,38,1,1,1,0,1,2,1,91.2,149,149.2,96047,5176,200,false,200,399,ok,,0,ok,true
238,2026-10-08T02:49:23.767Z,baseline,web,large,none,none,5,warm,4,5afab5c9-10ca-4ac5-80e9-377f36af846b,3,0,38,1,1,1,0,1,2,1,105.9,168.9,186.6,96047,5176,200,false,200,399,ok,,0,ok,true
239,2026-10-08T02:49:24.517Z,baseline,web,large,none,none,5,warm,5,90f65e05-f7df-4995-aae5-d7f51e3aadae,3,0,38,1,1,1,0,1,2,1,80.6,161.2,161.8,96047,5176,200,false,200,399,ok,,0,ok,true
240,2026-10-08T02:49:25.318Z,baseline,web,large,none,none,5,warm,6,0ab528dc-1315-424a-baf3-b696ee2b0bec,3,0,38,1,1,1,0,1,2,1,124.4,206.3,206.7,96047,5176,200,false,200,399,ok,,0,ok,true
241,2026-10-08T02:49:26.620Z,bff,web,large,none,none,1,cold,1,119c9fb0-3a8d-4c0a-8bb1-3e8d7588eb78,1,0,38,1,1,1,0,1,2,1,141.5,236.1,236.5,94452,4737,200,false,200,399,ok,,0,ok,true
242,2026-10-08T02:49:27.318Z,bff,web,large,none,none,1,warm,2,be67e7a8-6f4a-42cb-a43f-1b0990fd77ac,1,0,38,1,1,1,0,1,2,1,140.7,221.7,222.1,94452,4737,200,false,200,399,ok,,0,ok,true
243,2026-10-08T02:49:27.955Z,bff,web,large,none,none,1,warm,3,57ce96e6-0165-44d4-9d0a-bb835e17b40c,1,0,38,1,1,1,0,1,2,1,71.3,153.7,172.7,94452,4737,200,false,200,399,ok,,0,ok,true
244,2026-10-08T02:49:28.541Z,bff,web,large,none,none,1,warm,4,09bbf3c6-0041-4fde-a42d-92ab10ecb88a,1,0,38,1,1,1,0,1,2,1,79.7,145.2,145.6,94452,4737,200,false,200,399,ok,,0,ok,true
245,2026-10-08T02:49:29.202Z,bff,web,large,none,none,1,warm,5,d22697b1-bd47-4ff6-8e40-28e5dce1fc76,1,0,38,1,1,1,0,1,2,1,120.5,186.1,186.5,94452,4737,200,false,200,399,ok,,0,ok,true
246,2026-10-08T02:49:29.869Z,bff,web,large,none,none,1,warm,6,67d2cff5-ef74-4a13-a680-5b2879e19673,1,0,38,1,1,1,0,1,2,1,106.9,184.1,184.4,94452,4737,200,false,200,399,ok,,0,ok,true
247,2026-10-08T02:49:31.239Z,bff,web,large,none,none,2,cold,1,d2488ade-df47-4150-b8f2-6a9ee1f461fa,1,0,38,1,1,1,0,1,2,1,158.6,254.7,255.1,94452,4737,200,false,200,399,ok,,0,ok,true
248,2026-10-08T02:49:31.874Z,bff,web,large,none,none,2,warm,2,7aab2568-e1be-4fec-a5b6-4f060a58fb16,1,0,38,1,1,1,0,1,2,1,77.8,138.1,138.4,94452,4737,200,false,200,399,ok,,0,ok,true
249,2026-10-08T02:49:32.527Z,bff,web,large,none,none,2,warm,3,ffd713a8-6ec7-4c4a-8c8f-3f7e3d172a82,1,0,38,1,1,1,0,1,2,1,78,142.1,142.5,94452,4737,200,false,200,399,ok,,0,ok,true
250,2026-10-08T02:49:33.166Z,bff,web,large,none,none,2,warm,4,de7de03e-d101-4e37-9f58-4ff01a6be585,1,0,38,1,1,1,0,1,2,1,72.2,164.2,164.5,94452,4737,200,false,200,399,ok,,0,ok,true
251,2026-10-08T02:49:33.869Z,bff,web,large,none,none,2,warm,5,4d560b85-a1ec-44e5-b096-51d2dbc25d6a,1,0,38,1,1,1,0,1,2,1,99.1,196.5,196.8,94452,4737,200,false,200,399,ok,,0,ok,true
252,2026-10-08T02:49:34.491Z,bff,web,large,none,none,2,warm,6,e8ec5afc-08e4-48bc-8722-6bade7fe45e0,1,0,38,1,1,1,0,1,2,1,83.3,142.4,142.8,94452,4737,200,false,200,399,ok,,0,ok,true
253,2026-10-08T02:49:35.700Z,bff,web,large,none,none,3,cold,1,972181a6-d31e-4c6e-9874-d1ffc2a93274,1,0,38,1,1,1,0,1,2,1,111,171,189.6,94452,4737,200,false,200,399,ok,,0,ok,true
254,2026-10-08T02:49:36.306Z,bff,web,large,none,none,3,warm,2,0f3604ec-6e99-4ab4-99f7-b9ac6048e853,1,0,38,1,1,1,0,1,2,1,69.1,124.6,124.9,94452,4737,200,false,200,399,ok,,0,ok,true
255,2026-10-08T02:49:36.944Z,bff,web,large,none,none,3,warm,3,4f2960f3-447d-4c92-a5dd-b3e72749f6a2,1,0,38,1,1,1,0,1,2,1,81.2,154,154.4,94452,4737,200,false,200,399,ok,,0,ok,true
256,2026-10-08T02:49:37.579Z,bff,web,large,none,none,3,warm,4,36ce432e-9cd5-48ab-8673-b061232ae3c5,1,0,38,1,1,1,0,1,2,1,90.6,147,147.7,94452,4737,200,false,200,399,ok,,0,ok,true
257,2026-10-08T02:49:38.246Z,bff,web,large,none,none,3,warm,5,69ccdbf0-cbda-487f-b3f5-ceab94393dc2,1,0,38,1,1,1,0,1,2,1,98.7,163.6,164,94452,4737,200,false,200,399,ok,,0,ok,true
258,2026-10-08T02:49:38.871Z,bff,web,large,none,none,3,warm,6,b1936f8a-9c6d-4182-9b05-c6f16630782e,1,0,38,1,1,1,0,1,2,1,96.5,161.6,162,94452,4737,200,false,200,399,ok,,0,ok,true
259,2026-10-08T02:49:40.102Z,bff,web,large,none,none,4,cold,1,cd8b58d7-bc4f-422f-aa42-430e10fde92b,1,0,38,1,1,1,0,1,2,1,120.5,185.3,208.6,94452,4737,200,false,200,399,ok,,0,ok,true
260,2026-10-08T02:49:40.866Z,bff,web,large,none,none,4,warm,2,f970e920-a7b7-45b1-b916-fa967ba24705,1,0,38,1,1,1,0,1,2,1,111.2,199.7,200,94452,4737,200,false,200,399,ok,,0,ok,true
261,2026-10-08T02:49:41.487Z,bff,web,large,none,none,4,warm,3,edbd68eb-1df1-4614-b2f2-54a2b877df5a,1,0,38,1,1,1,0,1,2,1,67.7,133.2,133.5,94452,4737,200,false,200,399,ok,,0,ok,true
262,2026-10-08T02:49:42.161Z,bff,web,large,none,none,4,warm,4,06bce9db-4ed1-4d9d-8843-021c5c9d9dc5,1,0,38,1,1,1,0,1,2,1,91.9,167.1,167.4,94452,4737,200,false,200,399,ok,,0,ok,true
263,2026-10-08T02:49:42.809Z,bff,web,large,none,none,4,warm,5,578b6a10-93b8-4ac6-bf34-a6f1d2d8c5e2,1,0,38,1,1,1,0,1,2,1,83.8,149.1,165.7,94452,4737,200,false,200,399,ok,,0,ok,true
264,2026-10-08T02:49:43.495Z,bff,web,large,none,none,4,warm,6,14f29038-ddbf-4460-8aee-d3c948d00192,1,0,38,1,1,1,0,1,2,1,95,160.3,160.7,94452,4737,200,false,200,399,ok,,0,ok,true
265,2026-10-08T02:49:44.809Z,bff,web,large,none,none,5,cold,1,0f0c257a-a9bd-461a-b215-70ffd35bc159,1,0,38,1,1,1,0,1,2,1,138.3,216,236.4,94452,4737,200,false,200,399,ok,,0,ok,true
266,2026-10-08T02:49:45.494Z,bff,web,large,none,none,5,warm,2,b9d6a121-5611-4a70-9ebd-5f08d1f48991,1,0,38,1,1,1,0,1,2,1,72.4,156.3,156.7,94452,4737,200,false,200,399,ok,,0,ok,true
267,2026-10-08T02:49:46.115Z,bff,web,large,none,none,5,warm,3,0cefff09-65c2-4580-b208-da79dea79895,1,0,38,1,1,1,0,1,2,1,69.1,129.4,129.7,94452,4737,200,false,200,399,ok,,0,ok,true
268,2026-10-08T02:49:46.783Z,bff,web,large,none,none,5,warm,4,5cb40a41-be02-4963-8f0f-9677f8ed8c5d,1,0,38,1,1,1,0,1,2,1,76,153,153.3,94452,4737,200,false,200,399,ok,,0,ok,true
269,2026-10-08T02:49:47.456Z,bff,web,large,none,none,5,warm,5,4798c212-2164-4e02-a194-6a2c020d614d,1,0,38,1,1,1,0,1,2,1,89.1,156.9,157.3,94452,4737,200,false,200,399,ok,,0,ok,true
270,2026-10-08T02:49:48.109Z,bff,web,large,none,none,5,warm,6,b8112900-5c2b-4275-a72c-e21cfcb16c19,1,0,38,1,1,1,0,1,2,1,86.9,163.7,164.1,94452,4737,200,false,200,399,ok,,0,ok,true
271,2026-10-08T02:49:49.454Z,bff,mobile,large,none,none,1,cold,1,127ce3b1-e91b-452f-9593-81ddc95d04fa,1,0,37,0,1,1,0,0,2,1,139.3,225.5,242.2,38996,1670,200,false,200,399,ok,,0,ok,true
272,2026-10-08T02:49:50.094Z,bff,mobile,large,none,none,1,warm,2,3b65e004-ada5-4c26-9535-aa849dd4b6cf,1,0,37,0,1,1,0,0,2,1,104.3,197.3,197.8,38996,1670,200,false,200,399,ok,,0,ok,true
273,2026-10-08T02:49:50.735Z,bff,mobile,large,none,none,1,warm,3,a2b1f828-14db-4a0b-8f61-135274a2b6a0,1,0,37,0,1,1,0,0,2,1,93.2,150.8,151.1,38996,1670,200,false,200,399,ok,,0,ok,true
274,2026-10-08T02:49:51.405Z,bff,mobile,large,none,none,1,warm,4,9284732d-0bd3-4cc4-a567-2edd739b3df8,1,0,37,0,1,1,0,0,2,1,53.7,151.7,185.8,38996,1670,200,false,200,399,ok,,0,ok,true
275,2026-10-08T02:49:52.027Z,bff,mobile,large,none,none,1,warm,5,7cf86003-ae30-4dff-bc8b-6d7a4985dc11,1,0,37,0,1,1,0,0,2,1,106.3,207.1,207.4,38996,1670,200,false,200,399,ok,,0,ok,true
276,2026-10-08T02:49:52.574Z,bff,mobile,large,none,none,1,warm,6,0bacbafb-91b0-46b5-9228-5ade956bd1ab,1,0,37,0,1,1,0,0,2,1,49.9,106.6,169.5,38996,1670,200,false,200,399,ok,,0,ok,true
277,2026-10-08T02:49:53.895Z,bff,mobile,large,none,none,2,cold,1,a95200eb-9bea-4abb-bfe7-9c5114579d4c,1,0,37,0,1,1,0,0,2,1,134,225.7,256.8,38996,1670,200,false,200,399,ok,,0,ok,true
278,2026-10-08T02:49:54.439Z,bff,mobile,large,none,none,2,warm,2,7fcdc73e-603d-460f-bcb5-03e79e8e349d,1,0,37,0,1,1,0,0,2,1,45.2,108.6,130.8,38996,1670,200,false,200,399,ok,,0,ok,true
279,2026-10-08T02:49:55.062Z,bff,mobile,large,none,none,2,warm,3,15e4fc2b-34a8-4946-ab37-ba6f7b8311db,1,0,37,0,1,1,0,0,2,1,59.3,127.6,140.1,38996,1670,200,false,200,399,ok,,0,ok,true
280,2026-10-08T02:49:55.719Z,bff,mobile,large,none,none,2,warm,4,9d80e19b-26ec-4130-8095-a63f828ec394,1,0,37,0,1,1,0,0,2,1,97.9,189.1,189.5,38996,1670,200,false,200,399,ok,,0,ok,true
281,2026-10-08T02:49:56.278Z,bff,mobile,large,none,none,2,warm,5,ef2a8a95-5c99-4f28-aab9-fc0438a31283,1,0,37,0,1,1,0,0,2,1,69.1,130.1,146.1,38996,1670,200,false,200,399,ok,,0,ok,true
282,2026-10-08T02:49:56.853Z,bff,mobile,large,none,none,2,warm,6,e59f8ca6-64f6-4e74-9c33-d66ecaa9ab12,1,0,37,0,1,1,0,0,2,1,74.6,144.3,144.7,38996,1670,200,false,200,399,ok,,0,ok,true
283,2026-10-08T02:49:58.283Z,bff,mobile,large,none,none,3,cold,1,f2043ba4-d8c4-4a24-aa0e-4c5b2fffa9fc,1,0,37,0,1,1,0,0,2,1,121.9,203.8,224.6,38996,1670,200,false,200,399,ok,,0,ok,true
284,2026-10-08T02:49:58.956Z,bff,mobile,large,none,none,3,warm,2,e2a24df6-c3a8-4530-8fca-f883a12e7a76,1,0,37,0,1,1,0,0,2,1,42.4,144,170,38996,1670,200,false,200,399,ok,,0,ok,true
285,2026-10-08T02:49:59.597Z,bff,mobile,large,none,none,3,warm,3,b4ad162b-8afb-4eef-8df6-c2e112913359,1,0,37,0,1,1,0,0,2,1,60.2,135.9,136.2,38996,1670,200,false,200,399,ok,,0,ok,true
286,2026-10-08T02:50:00.233Z,bff,mobile,large,none,none,3,warm,4,6086333c-114f-4bd7-a908-90d6b76ee566,1,0,37,0,1,1,0,0,2,1,70.9,161.6,180.9,38996,1670,200,false,200,399,ok,,0,ok,true
287,2026-10-08T02:50:00.904Z,bff,mobile,large,none,none,3,warm,5,58b103f1-71b0-47dc-989a-0965da399ea8,1,0,37,0,1,1,0,0,2,1,54.1,130.5,166.3,38996,1670,200,false,200,399,ok,,0,ok,true
288,2026-10-08T02:50:01.492Z,bff,mobile,large,none,none,3,warm,6,17097a2e-ee1e-47e0-865f-73d939faf60f,1,0,37,0,1,1,0,0,2,1,69.8,134.9,157.9,38996,1670,200,false,200,399,ok,,0,ok,true
289,2026-10-08T02:50:02.937Z,bff,mobile,large,none,none,4,cold,1,d9c0ba7e-5a1a-451a-adfd-95e48e1f97da,1,0,37,0,1,1,0,0,2,1,104.2,217.3,236.8,38996,1670,200,false,200,399,ok,,0,ok,true
290,2026-10-08T02:50:03.578Z,bff,mobile,large,none,none,4,warm,2,12ed0ea2-d8dd-448a-831a-b6a014bb9dc0,1,0,37,0,1,1,0,0,2,1,71.6,156,156.3,38996,1670,200,false,200,399,ok,,0,ok,true
291,2026-10-08T02:50:04.234Z,bff,mobile,large,none,none,4,warm,3,110364d7-a2b7-40d0-bd2e-36b4a6fd7588,1,0,37,0,1,1,0,0,2,1,45.1,120,149.3,38996,1670,200,false,200,399,ok,,0,ok,true
292,2026-10-08T02:50:04.808Z,bff,mobile,large,none,none,4,warm,4,c3f604e0-24dc-479d-854f-5f6f93891fc4,1,0,37,0,1,1,0,0,2,1,57.4,121.5,135.8,38996,1670,200,false,200,399,ok,,0,ok,true
293,2026-10-08T02:50:05.401Z,bff,mobile,large,none,none,4,warm,5,e137241c-9f8f-4730-80cf-4f580a6a693a,1,0,37,0,1,1,0,0,2,1,98,172.9,173.1,38996,1670,200,false,200,399,ok,,0,ok,true
294,2026-10-08T02:50:06.010Z,bff,mobile,large,none,none,4,warm,6,9cdbb167-90a0-4fb9-977e-2d0af796b2f7,1,0,37,0,1,1,0,0,2,1,67.7,147.9,169.1,38996,1670,200,false,200,399,ok,,0,ok,true
295,2026-10-08T02:50:07.380Z,bff,mobile,large,none,none,5,cold,1,e1647418-c69a-4082-b3fd-3fac99d8b837,1,0,37,0,1,1,0,0,2,1,154,228,228.3,38996,1670,200,false,200,399,ok,,0,ok,true
296,2026-10-08T02:50:08.066Z,bff,mobile,large,none,none,5,warm,2,3dd2184c-2692-463b-a2b0-2e2fc19201e5,1,0,37,0,1,1,0,0,2,1,104,164.4,164.7,38996,1670,200,false,200,399,ok,,0,ok,true
297,2026-10-08T02:50:08.706Z,bff,mobile,large,none,none,5,warm,3,e1b2be8f-daff-4919-976a-935bc155974c,1,0,37,0,1,1,0,0,2,1,39.7,131.1,166.5,38996,1670,200,false,200,399,ok,,0,ok,true
298,2026-10-08T02:50:09.317Z,bff,mobile,large,none,none,5,warm,4,a53c402c-df4c-4285-83c4-e8eaf39b034c,1,0,37,0,1,1,0,0,2,1,51.8,137.2,149.2,38996,1670,200,false,200,399,ok,,0,ok,true
299,2026-10-08T02:50:09.923Z,bff,mobile,large,none,none,5,warm,5,fa07d93f-de43-434b-9eda-2da2bdca3632,1,0,37,0,1,1,0,0,2,1,79.9,155.6,156,38996,1670,200,false,200,399,ok,,0,ok,true
300,2026-10-08T02:50:10.563Z,bff,mobile,large,none,none,5,warm,6,66106de3-d7a8-43f3-b4c1-04e3cf807c9d,1,0,37,0,1,1,0,0,2,1,70.5,154.3,177.6,38996,1670,200,false,200,399,ok,,0,ok,true
301,2026-10-08T02:50:12.397Z,gql-naive,web,large,none,none,1,cold,1,7afff7f6-3748-4190-8d5f-603357cb6407,1,1,38,1,1,399,0,1,2,399,505.1,603,603.4,94461,4744,200,false,200,399,ok,,0,ok,true
302,2026-10-08T02:50:13.251Z,gql-naive,web,large,none,none,1,warm,2,13862d77-80ce-42f0-bb0d-a8af4e65b04d,1,1,38,1,1,399,0,1,2,399,307.5,379.4,380,94461,4744,200,false,200,399,ok,,0,ok,true
303,2026-10-08T02:50:14.151Z,gql-naive,web,large,none,none,1,warm,3,f0be6795-12ea-4fc3-9d21-981aa3f2c409,1,1,38,1,1,399,0,1,2,399,309.4,395.7,396.1,94461,4744,200,false,200,399,ok,,0,ok,true
304,2026-10-08T02:50:15.007Z,gql-naive,web,large,none,none,1,warm,4,d5ab6282-ceb4-4e05-ae43-9b651d31c64a,1,1,38,1,1,399,0,1,2,399,320.8,384,384.4,94461,4744,200,false,200,399,ok,,0,ok,true
305,2026-10-08T02:50:15.923Z,gql-naive,web,large,none,none,1,warm,5,e5cfa4b1-a7f9-4bf8-a9ca-bded0faaae72,1,1,38,1,1,399,0,1,2,399,368.1,441.5,441.9,94461,4744,200,false,200,399,ok,,0,ok,true
306,2026-10-08T02:50:16.809Z,gql-naive,web,large,none,none,1,warm,6,b0c25231-deb5-4525-b1f4-a070ca852d72,1,1,38,1,1,399,0,1,2,399,341.6,400.8,401.4,94461,4744,200,false,200,399,ok,,0,ok,true
307,2026-10-08T02:50:18.492Z,gql-naive,web,large,none,none,2,cold,1,371f75d1-b13b-4bd2-a666-2fa7c546ff57,1,1,38,1,1,399,0,1,2,399,469.5,543.4,544,94461,4744,200,false,200,399,ok,,0,ok,true
308,2026-10-08T02:50:19.300Z,gql-naive,web,large,none,none,2,warm,2,040eb989-16e6-44c9-9281-1fa9ca6c44bb,1,1,38,1,1,399,0,1,2,399,189.7,285.7,286.1,94461,4744,200,false,200,399,ok,,0,ok,true
309,2026-10-08T02:50:20.063Z,gql-naive,web,large,none,none,2,warm,3,4a8c2689-192b-4e96-a796-97d16a77a837,1,1,38,1,1,399,0,1,2,399,235.5,293.8,294,94461,4744,200,false,200,399,ok,,0,ok,true
310,2026-10-08T02:50:21.030Z,gql-naive,web,large,none,none,2,warm,4,97196758-7df6-4788-af60-52be64fc1a7a,1,1,38,1,1,399,0,1,2,399,387,480.7,481,94461,4744,200,false,200,399,ok,,0,ok,true
311,2026-10-08T02:50:21.916Z,gql-naive,web,large,none,none,2,warm,5,672946a4-21dc-42cb-983a-f8b6cf01400f,1,1,38,1,1,399,0,1,2,399,332.7,413.1,413.5,94461,4744,200,false,200,399,ok,,0,ok,true
312,2026-10-08T02:50:22.849Z,gql-naive,web,large,none,none,2,warm,6,b53ad530-bac0-460c-9000-4463651a43c9,1,1,38,1,1,399,0,1,2,399,362,431.6,431.9,94461,4744,200,false,200,399,ok,,0,ok,true
313,2026-10-08T02:50:24.482Z,gql-naive,web,large,none,none,3,cold,1,0a303808-63fe-4873-b309-b0d408518d87,1,1,38,1,1,399,0,1,2,399,413,504.9,515.5,94461,4744,200,false,200,399,ok,,0,ok,true
314,2026-10-08T02:50:25.309Z,gql-naive,web,large,none,none,3,warm,2,e462b382-510b-4504-9cdd-80a2339078aa,1,1,38,1,1,399,0,1,2,399,201.7,286.4,286.9,94461,4744,200,false,200,399,ok,,0,ok,true
315,2026-10-08T02:50:26.059Z,gql-naive,web,large,none,none,3,warm,3,31b6aa31-3d38-4b7f-9060-68fe08d6da8c,1,1,38,1,1,399,0,1,2,399,144.9,227.7,236.9,94461,4744,200,false,200,399,ok,,0,ok,true
316,2026-10-08T02:50:26.933Z,gql-naive,web,large,none,none,3,warm,4,395734c7-3ea7-4962-adc3-53858a666ad3,1,1,38,1,1,399,0,1,2,399,321.9,386.8,396.7,94461,4744,200,false,200,399,ok,,0,ok,true
317,2026-10-08T02:50:27.889Z,gql-naive,web,large,none,none,3,warm,5,b992cffc-9dea-4e03-a935-dd965f70c6e8,1,1,38,1,1,399,0,1,2,399,323,405.1,422.1,94461,4744,200,false,200,399,ok,,0,ok,true
318,2026-10-08T02:50:28.822Z,gql-naive,web,large,none,none,3,warm,6,701d02ab-1e7d-4826-acbb-ed1434e7b2ab,1,1,38,1,1,399,0,1,2,399,344.2,430,430.4,94461,4744,200,false,200,399,ok,,0,ok,true
319,2026-10-08T02:50:30.566Z,gql-naive,web,large,none,none,4,cold,1,4c3b069c-a639-412f-9780-507be96484a6,1,1,38,1,1,399,0,1,2,399,429.8,532.4,532.7,94461,4744,200,false,200,399,ok,,0,ok,true
320,2026-10-08T02:50:31.377Z,gql-naive,web,large,none,none,4,warm,2,94c4d374-5577-4db0-9304-09feda2d2af7,1,1,38,1,1,399,0,1,2,399,216.4,315.6,316.1,94461,4744,200,false,200,399,ok,,0,ok,true
321,2026-10-08T02:50:32.169Z,gql-naive,web,large,none,none,4,warm,3,56e61f48-2114-41ff-850e-a2cc43872acd,1,1,38,1,1,399,0,1,2,399,170.1,248.9,249.3,94461,4744,200,false,200,399,ok,,0,ok,true
322,2026-10-08T02:50:32.995Z,gql-naive,web,large,none,none,4,warm,4,9b4078aa-fd40-47fa-b46d-33dd572bbff0,1,1,38,1,1,399,0,1,2,399,338,395.8,411.3,94461,4744,200,false,200,399,ok,,0,ok,true
323,2026-10-08T02:50:33.867Z,gql-naive,web,large,none,none,4,warm,5,3613b9dd-1c87-4f78-b302-9e20ec8cf8ee,1,1,38,1,1,399,0,1,2,399,343.2,426.8,427.2,94461,4744,200,false,200,399,ok,,0,ok,true
324,2026-10-08T02:50:34.784Z,gql-naive,web,large,none,none,4,warm,6,add7b96c-8446-4cec-9d9a-4f11bf229560,1,1,38,1,1,399,0,1,2,399,366.2,430.1,430.4,94461,4744,200,false,200,399,ok,,0,ok,true
325,2026-10-08T02:50:36.562Z,gql-naive,web,large,none,none,5,cold,1,b842e543-fb58-4686-9c17-91a00d78c850,1,1,38,1,1,399,0,1,2,399,394.5,459.7,460.1,94461,4744,200,false,200,399,ok,,0,ok,true
326,2026-10-08T02:50:37.354Z,gql-naive,web,large,none,none,5,warm,2,c664bffa-ee5c-49ae-b06d-37c3b0135f53,1,1,38,1,1,399,0,1,2,399,194.2,258.8,275.3,94461,4744,200,false,200,399,ok,,0,ok,true
327,2026-10-08T02:50:38.116Z,gql-naive,web,large,none,none,5,warm,3,175f17ee-8c7c-4f01-baba-5200d805a30b,1,1,38,1,1,399,0,1,2,399,157.3,243.6,262.4,94461,4744,200,false,200,399,ok,,0,ok,true
328,2026-10-08T02:50:39.048Z,gql-naive,web,large,none,none,5,warm,4,c444fab8-6321-4dde-855d-fbe6ef1d019e,1,1,38,1,1,399,0,1,2,399,348.8,421.8,422.3,94461,4744,200,false,200,399,ok,,0,ok,true
329,2026-10-08T02:50:39.949Z,gql-naive,web,large,none,none,5,warm,5,442bd48c-bd70-4803-a0b2-ed2c08bc8883,1,1,38,1,1,399,0,1,2,399,313,408.1,408.5,94461,4744,200,false,200,399,ok,,0,ok,true
330,2026-10-08T02:50:40.884Z,gql-naive,web,large,none,none,5,warm,6,6ec077af-655e-4d1b-97bd-ed224a7b35bf,1,1,38,1,1,399,0,1,2,399,373.8,454,454.4,94461,4744,200,false,200,399,ok,,0,ok,true
331,2026-10-08T02:50:42.631Z,gql-naive,mobile,large,none,none,1,cold,1,57dcbbab-9221-431d-b5f4-440234170001,1,1,37,0,1,399,0,0,2,399,383.8,465,517.5,39011,1684,200,false,200,399,ok,,0,ok,true
332,2026-10-08T02:50:43.442Z,gql-naive,mobile,large,none,none,1,warm,2,c8eb3b61-b708-40a9-82c7-f4c27ca1a9a1,1,1,37,0,1,399,0,0,2,399,242.8,327.8,346.3,39011,1684,200,false,200,399,ok,,0,ok,true
333,2026-10-08T02:50:44.151Z,gql-naive,mobile,large,none,none,1,warm,3,4b9e9106-fcaf-443f-b4db-b6c7fc2f6f50,1,1,37,0,1,399,0,0,2,399,138.4,204.4,237,39011,1684,200,false,200,399,ok,,0,ok,true
334,2026-10-08T02:50:45.101Z,gql-naive,mobile,large,none,none,1,warm,4,e2b952d1-5c56-4f18-8ad7-d9527182f173,1,1,37,0,1,399,0,0,2,399,384.4,476.2,476.7,39011,1684,200,false,200,399,ok,,0,ok,true
335,2026-10-08T02:50:45.915Z,gql-naive,mobile,large,none,none,1,warm,5,c533ed15-ee11-4cd4-b5bc-48d56bc6452b,1,1,37,0,1,399,0,0,2,399,291.9,360.3,375.2,39011,1684,200,false,200,399,ok,,0,ok,true
336,2026-10-08T02:50:46.789Z,gql-naive,mobile,large,none,none,1,warm,6,226e77a1-3cef-4a9b-9180-5e9a5386d0f5,1,1,37,0,1,399,0,0,2,399,344,430.5,431.1,39011,1684,200,false,200,399,ok,,0,ok,true
337,2026-10-08T02:50:48.521Z,gql-naive,mobile,large,none,none,2,cold,1,b62f22d4-db4a-4598-b4d8-d1767db68967,1,1,37,0,1,399,0,0,2,399,434.1,518.2,531.4,39011,1684,200,false,200,399,ok,,0,ok,true
338,2026-10-08T02:50:49.361Z,gql-naive,mobile,large,none,none,2,warm,2,5fe086ed-b66e-462a-82a1-b21984e20947,1,1,37,0,1,399,0,0,2,399,185.6,287,326.6,39011,1684,200,false,200,399,ok,,0,ok,true
339,2026-10-08T02:50:50.042Z,gql-naive,mobile,large,none,none,2,warm,3,ee68ef77-2c55-4cba-a469-c74451b4366e,1,1,37,0,1,399,0,0,2,399,115,175.6,213.2,39011,1684,200,false,200,399,ok,,0,ok,true
340,2026-10-08T02:50:50.932Z,gql-naive,mobile,large,none,none,2,warm,4,44ac7b9c-5c64-4c5f-a848-35472737bf31,1,1,37,0,1,399,0,0,2,399,293,360.6,392,39011,1684,200,false,200,399,ok,,0,ok,true
341,2026-10-08T02:50:51.834Z,gql-naive,mobile,large,none,none,2,warm,5,ebcbed4e-d14e-4eed-9146-6c9963d21a74,1,1,37,0,1,399,0,0,2,399,309.3,384.4,402.4,39011,1684,200,false,200,399,ok,,0,ok,true
342,2026-10-08T02:50:52.692Z,gql-naive,mobile,large,none,none,2,warm,6,26c9e5a9-0d31-462f-9ff0-9770154c14b5,1,1,37,0,1,399,0,0,2,399,289.3,363.8,393.8,39011,1684,200,false,200,399,ok,,0,ok,true
343,2026-10-08T02:50:54.359Z,gql-naive,mobile,large,none,none,3,cold,1,a8fc2d5e-7282-452c-997f-e9884d54ddbb,1,1,37,0,1,399,0,0,2,399,371.4,463.6,486.5,39011,1684,200,false,200,399,ok,,0,ok,true
344,2026-10-08T02:50:55.142Z,gql-naive,mobile,large,none,none,3,warm,2,0c86260b-75c2-4110-ac16-b4b3390a88a3,1,1,37,0,1,399,0,0,2,399,177.8,281.1,301.1,39011,1684,200,false,200,399,ok,,0,ok,true
345,2026-10-08T02:50:55.908Z,gql-naive,mobile,large,none,none,3,warm,3,081cea70-b6d0-4119-a26b-2e39ea5269f3,1,1,37,0,1,399,0,0,2,399,156.3,239.1,256.7,39011,1684,200,false,200,399,ok,,0,ok,true
346,2026-10-08T02:50:56.781Z,gql-naive,mobile,large,none,none,3,warm,4,e5f724fe-b11e-42c3-911a-baa056351ad4,1,1,37,0,1,399,0,0,2,399,343.4,415.4,415.8,39011,1684,200,false,200,399,ok,,0,ok,true
347,2026-10-08T02:50:57.657Z,gql-naive,mobile,large,none,none,3,warm,5,6d3cfaba-9b15-4cfd-84c1-2049bc9620b6,1,1,37,0,1,399,0,0,2,399,321.8,408.4,408.7,39011,1684,200,false,200,399,ok,,0,ok,true
348,2026-10-08T02:50:58.578Z,gql-naive,mobile,large,none,none,3,warm,6,6cf2747e-c589-457d-8f91-fcdd04fcf6e7,1,1,37,0,1,399,0,0,2,399,389.8,475.1,475.6,39011,1684,200,false,200,399,ok,,0,ok,true
349,2026-10-08T02:51:00.367Z,gql-naive,mobile,large,none,none,4,cold,1,65293f4e-8572-45fb-aaaa-00cc93aad301,1,1,37,0,1,399,0,0,2,399,438.9,522.6,562.2,39011,1684,200,false,200,399,ok,,0,ok,true
350,2026-10-08T02:51:01.069Z,gql-naive,mobile,large,none,none,4,warm,2,18d08c37-121d-474d-9405-cf9e606405be,1,1,37,0,1,399,0,0,2,399,138.5,201.5,225.6,39011,1684,200,false,200,399,ok,,0,ok,true
351,2026-10-08T02:51:01.738Z,gql-naive,mobile,large,none,none,4,warm,3,011c1bbc-c598-45c4-a31a-fcb233bf287a,1,1,37,0,1,399,0,0,2,399,114.9,184.9,246.6,39011,1684,200,false,200,399,ok,,0,ok,true
352,2026-10-08T02:51:02.622Z,gql-naive,mobile,large,none,none,4,warm,4,c5973bc5-e8cd-408e-87b0-aa35d126ce4e,1,1,37,0,1,399,0,0,2,399,332.1,408.7,418.3,39011,1684,200,false,200,399,ok,,0,ok,true
353,2026-10-08T02:51:03.543Z,gql-naive,mobile,large,none,none,4,warm,5,bc40eb51-d2c8-40a4-9eea-1d7dd5c494df,1,1,37,0,1,399,0,0,2,399,342.1,437.5,437.9,39011,1684,200,false,200,399,ok,,0,ok,true
354,2026-10-08T02:51:04.491Z,gql-naive,mobile,large,none,none,4,warm,6,42baa2e2-fdb8-446a-b069-617fdf88456e,1,1,37,0,1,399,0,0,2,399,314.5,410.9,429,39011,1684,200,false,200,399,ok,,0,ok,true
355,2026-10-08T02:51:06.260Z,gql-naive,mobile,large,none,none,5,cold,1,8fa82eae-b6f9-4433-8db5-a6ba4f587854,1,1,37,0,1,399,0,0,2,399,393.9,472.8,500.7,39011,1684,200,false,200,399,ok,,0,ok,true
356,2026-10-08T02:51:06.991Z,gql-naive,mobile,large,none,none,5,warm,2,fd106178-252a-4f66-b702-936be83e1ac3,1,1,37,0,1,399,0,0,2,399,180.7,281.9,290.5,39011,1684,200,false,200,399,ok,,0,ok,true
357,2026-10-08T02:51:07.675Z,gql-naive,mobile,large,none,none,5,warm,3,75013d5d-9ab4-4514-8681-7833161fa1e0,1,1,37,0,1,399,0,0,2,399,140.6,208.7,251,39011,1684,200,false,200,399,ok,,0,ok,true
358,2026-10-08T02:51:08.639Z,gql-naive,mobile,large,none,none,5,warm,4,a084c601-b578-4db7-8ae5-0a2afda66910,1,1,37,0,1,399,0,0,2,399,357.8,446.7,447,39011,1684,200,false,200,399,ok,,0,ok,true
359,2026-10-08T02:51:09.594Z,gql-naive,mobile,large,none,none,5,warm,5,d609589d-1a8a-4776-abca-810390fbf67f,1,1,37,0,1,399,0,0,2,399,362.9,465.3,466,39011,1684,200,false,200,399,ok,,0,ok,true
360,2026-10-08T02:51:10.493Z,gql-naive,mobile,large,none,none,5,warm,6,00b15ecc-8221-4a5a-9b52-a7d6fb97c3ad,1,1,37,0,1,399,0,0,2,399,288.8,367.4,397.7,39011,1684,200,false,200,399,ok,,0,ok,true
361,2026-10-08T02:51:11.925Z,gql-batched,web,large,none,none,1,cold,1,9f21f1b4-5102-41a9-b322-928adaf3d7d8,1,1,38,1,1,1,369,1,2,1,181.6,288.6,300.9,94461,4744,200,false,200,399,ok,,0,ok,true
362,2026-10-08T02:51:12.706Z,gql-batched,web,large,none,none,1,warm,2,2ed40f25-4dfc-44d8-9e33-ecaa99d9b011,1,1,38,1,1,1,369,1,2,1,158.7,242.6,243.1,94461,4744,200,false,200,399,ok,,0,ok,true
363,2026-10-08T02:51:13.471Z,gql-batched,web,large,none,none,1,warm,3,5141b939-f72a-408b-b51c-e2c62e2acb5d,1,1,38,1,1,1,369,1,2,1,121.5,218.5,218.9,94461,4744,200,false,200,399,ok,,0,ok,true
364,2026-10-08T02:51:14.076Z,gql-batched,web,large,none,none,1,warm,4,c2228a41-2647-485e-b99e-8c10c362bb80,1,1,38,1,1,1,369,1,2,1,109,168.9,169.3,94461,4744,200,false,200,399,ok,,0,ok,true
365,2026-10-08T02:51:14.743Z,gql-batched,web,large,none,none,1,warm,5,6bd8fbee-3897-4403-9005-cffa8a4b23f0,1,1,38,1,1,1,369,1,2,1,127,196.3,196.6,94461,4744,200,false,200,399,ok,,0,ok,true
366,2026-10-08T02:51:15.347Z,gql-batched,web,large,none,none,1,warm,6,fbf434f2-22a0-4842-8a8b-d1bb123b5033,1,1,38,1,1,1,369,1,2,1,96.8,166.1,174.8,94461,4744,200,false,200,399,ok,,0,ok,true
367,2026-10-08T02:51:16.718Z,gql-batched,web,large,none,none,2,cold,1,964bf344-f773-4182-af1e-e651b18457be,1,1,38,1,1,1,369,1,2,1,170.2,252.1,252.5,94461,4744,200,false,200,399,ok,,0,ok,true
368,2026-10-08T02:51:17.421Z,gql-batched,web,large,none,none,2,warm,2,6b7e2dad-c340-4a01-946f-363219c82308,1,1,38,1,1,1,369,1,2,1,124.1,206.9,207.2,94461,4744,200,false,200,399,ok,,0,ok,true
369,2026-10-08T02:51:18.075Z,gql-batched,web,large,none,none,2,warm,3,b7007b7c-e734-48fd-82b1-29133e27f568,1,1,38,1,1,1,369,1,2,1,74.2,166.4,184.9,94461,4744,200,false,200,399,ok,,0,ok,true
370,2026-10-08T02:51:18.731Z,gql-batched,web,large,none,none,2,warm,4,5062f7b5-5d39-4968-8f73-0a1e6a813cdc,1,1,38,1,1,1,369,1,2,1,102.2,169.9,170.3,94461,4744,200,false,200,399,ok,,0,ok,true
371,2026-10-08T02:51:19.433Z,gql-batched,web,large,none,none,2,warm,5,e2d2badb-de5f-4fc1-ada6-9b36a2f61694,1,1,38,1,1,1,369,1,2,1,125.1,196,212.1,94461,4744,200,false,200,399,ok,,0,ok,true
372,2026-10-08T02:51:20.084Z,gql-batched,web,large,none,none,2,warm,6,ef7e0091-139a-4688-80df-c213c99ab6bc,1,1,38,1,1,1,369,1,2,1,99.7,155.8,156.7,94461,4744,200,false,200,399,ok,,0,ok,true
373,2026-10-08T02:51:21.657Z,gql-batched,web,large,none,none,3,cold,1,f56ba257-25bf-4f46-bb07-7545c073bc30,1,1,38,1,1,1,369,1,2,1,146.6,254.3,264.9,94461,4744,200,false,200,399,ok,,0,ok,true
374,2026-10-08T02:51:22.346Z,gql-batched,web,large,none,none,3,warm,2,1c00655c-5886-40c5-bf4a-8b23c140838c,1,1,38,1,1,1,369,1,2,1,116.9,214.3,214.8,94461,4744,200,false,200,399,ok,,0,ok,true
375,2026-10-08T02:51:22.970Z,gql-batched,web,large,none,none,3,warm,3,1b07952d-89ea-4aaa-b2a0-1bfb91520f04,1,1,38,1,1,1,369,1,2,1,81.5,136.3,136.6,94461,4744,200,false,200,399,ok,,0,ok,true
376,2026-10-08T02:51:23.655Z,gql-batched,web,large,none,none,3,warm,4,ce32ada6-c10c-4a0f-836e-107070b8aaa5,1,1,38,1,1,1,369,1,2,1,119.4,203.4,214.7,94461,4744,200,false,200,399,ok,,0,ok,true
377,2026-10-08T02:51:24.289Z,gql-batched,web,large,none,none,3,warm,5,ca7a6a43-9291-4356-9f93-8d9957cb0e03,1,1,38,1,1,1,369,1,2,1,118.5,181.3,194.9,94461,4744,200,false,200,399,ok,,0,ok,true
378,2026-10-08T02:51:24.976Z,gql-batched,web,large,none,none,3,warm,6,37c2b397-6c08-4798-b316-0d6a7e397da6,1,1,38,1,1,1,369,1,2,1,115.3,192.7,193,94461,4744,200,false,200,399,ok,,0,ok,true
379,2026-10-08T02:51:26.462Z,gql-batched,web,large,none,none,4,cold,1,38835f64-6797-41a7-80c5-c009d54ff167,1,1,38,1,1,1,369,1,2,1,178.9,290.7,291,94461,4744,200,false,200,399,ok,,0,ok,true
380,2026-10-08T02:51:27.162Z,gql-batched,web,large,none,none,4,warm,2,aa5be7e3-3376-4f8d-88ba-e616b319c260,1,1,38,1,1,1,369,1,2,1,85.4,165.8,183,94461,4744,200,false,200,399,ok,,0,ok,true
381,2026-10-08T02:51:27.833Z,gql-batched,web,large,none,none,4,warm,3,807ca4b5-bef0-4109-8f1c-d00f745c3e37,1,1,38,1,1,1,369,1,2,1,95.6,178.3,178.6,94461,4744,200,false,200,399,ok,,0,ok,true
382,2026-10-08T02:51:28.459Z,gql-batched,web,large,none,none,4,warm,4,4ad6d503-59c2-4387-894d-e9c592ec8cf1,1,1,38,1,1,1,369,1,2,1,100.5,162.2,162.5,94461,4744,200,false,200,399,ok,,0,ok,true
383,2026-10-08T02:51:29.157Z,gql-batched,web,large,none,none,4,warm,5,106b9322-5dc1-49b1-85d2-bc8695fa5818,1,1,38,1,1,1,369,1,2,1,128.2,204.3,204.6,94461,4744,200,false,200,399,ok,,0,ok,true
384,2026-10-08T02:51:29.782Z,gql-batched,web,large,none,none,4,warm,6,32f8a5e3-4dac-4743-adde-84ae56de1860,1,1,38,1,1,1,369,1,2,1,114.8,189.7,199.4,94461,4744,200,false,200,399,ok,,0,ok,true
385,2026-10-08T02:51:31.153Z,gql-batched,web,large,none,none,5,cold,1,4669b22d-189d-460a-82af-003315a28485,1,1,38,1,1,1,369,1,2,1,185.4,267.4,268.1,94461,4744,200,false,200,399,ok,,0,ok,true
386,2026-10-08T02:51:31.808Z,gql-batched,web,large,none,none,5,warm,2,cdd1c5cd-6fad-46b8-bdfa-f8ca73c80dfc,1,1,38,1,1,1,369,1,2,1,105.3,182.9,183.4,94461,4744,200,false,200,399,ok,,0,ok,true
387,2026-10-08T02:51:32.482Z,gql-batched,web,large,none,none,5,warm,3,1a3f469d-9b77-40b4-9dfc-3c6b720f6d61,1,1,38,1,1,1,369,1,2,1,76.5,169.5,184.3,94461,4744,200,false,200,399,ok,,0,ok,true
388,2026-10-08T02:51:33.194Z,gql-batched,web,large,none,none,5,warm,4,c7945eb6-b8e5-4a8a-a62e-4fd428d6b4a4,1,1,38,1,1,1,369,1,2,1,97.2,170.7,171.2,94461,4744,200,false,200,399,ok,,0,ok,true
389,2026-10-08T02:51:34.016Z,gql-batched,web,large,none,none,5,warm,5,286781aa-0b6a-4355-b97a-c4577b64ab3b,1,1,38,1,1,1,369,1,2,1,148.8,235.9,236.3,94461,4744,200,false,200,399,ok,,0,ok,true
390,2026-10-08T02:51:34.768Z,gql-batched,web,large,none,none,5,warm,6,e3a66c73-b880-497d-ace0-69659b0fa8fa,1,1,38,1,1,1,369,1,2,1,145.3,234.2,234.7,94461,4744,200,false,200,399,ok,,0,ok,true
391,2026-10-08T02:51:36.125Z,gql-batched,mobile,large,none,none,1,cold,1,98604e09-98a8-4efb-9e22-6489266a90c8,1,1,37,0,1,1,369,0,2,1,144.2,236.6,251.7,39011,1684,200,false,200,399,ok,,0,ok,true
392,2026-10-08T02:51:36.745Z,gql-batched,mobile,large,none,none,1,warm,2,490b9c49-a123-45d7-9689-255de4189207,1,1,37,0,1,1,369,0,2,1,94.3,187.4,187.7,39011,1684,200,false,200,399,ok,,0,ok,true
393,2026-10-08T02:51:37.416Z,gql-batched,mobile,large,none,none,1,warm,3,c8831811-11ef-45de-91a1-196119fc44ac,1,1,37,0,1,1,369,0,2,1,75.1,151.5,166,39011,1684,200,false,200,399,ok,,0,ok,true
394,2026-10-08T02:51:37.976Z,gql-batched,mobile,large,none,none,1,warm,4,71e1d18b-e95a-4842-8347-cae1d39e450c,1,1,37,0,1,1,369,0,2,1,89.1,151.7,152.1,39011,1684,200,false,200,399,ok,,0,ok,true
395,2026-10-08T02:51:38.594Z,gql-batched,mobile,large,none,none,1,warm,5,b79625fc-064f-4842-96c2-e1c2b78a324b,1,1,37,0,1,1,369,0,2,1,83.5,151,151.2,39011,1684,200,false,200,399,ok,,0,ok,true
396,2026-10-08T02:51:39.199Z,gql-batched,mobile,large,none,none,1,warm,6,f5a382d8-7d0c-4e02-a23a-8d1a549b189c,1,1,37,0,1,1,369,0,2,1,98,157.7,158.1,39011,1684,200,false,200,399,ok,,0,ok,true
397,2026-10-08T02:51:40.460Z,gql-batched,mobile,large,none,none,2,cold,1,6912b674-8aa7-42f7-a701-754c96bad4e7,1,1,37,0,1,1,369,0,2,1,170.7,243.1,243.4,39011,1684,200,false,200,399,ok,,0,ok,true
398,2026-10-08T02:51:41.193Z,gql-batched,mobile,large,none,none,2,warm,2,dec59975-10b7-4af9-bae7-71647804160d,1,1,37,0,1,1,369,0,2,1,93.1,171.3,185.2,39011,1684,200,false,200,399,ok,,0,ok,true
399,2026-10-08T02:51:41.768Z,gql-batched,mobile,large,none,none,2,warm,3,8ba3739a-c05f-4513-8390-e007b8af902b,1,1,37,0,1,1,369,0,2,1,89.8,165.7,166.1,39011,1684,200,false,200,399,ok,,0,ok,true
400,2026-10-08T02:51:42.327Z,gql-batched,mobile,large,none,none,2,warm,4,b083d103-7110-4809-8bcf-87c1d7a61ffe,1,1,37,0,1,1,369,0,2,1,52.6,109.8,122.9,39011,1684,200,false,200,399,ok,,0,ok,true
401,2026-10-08T02:51:42.997Z,gql-batched,mobile,large,none,none,2,warm,5,d5b4ff93-ee45-4bba-8ada-c1709a041ad4,1,1,37,0,1,1,369,0,2,1,126.3,197.8,198.1,39011,1684,200,false,200,399,ok,,0,ok,true
402,2026-10-08T02:51:43.670Z,gql-batched,mobile,large,none,none,2,warm,6,e4187591-32a5-4898-9afc-0e856c47b20e,1,1,37,0,1,1,369,0,2,1,108.7,176.7,193.8,39011,1684,200,false,200,399,ok,,0,ok,true
403,2026-10-08T02:51:45.036Z,gql-batched,mobile,large,none,none,3,cold,1,39338993-edd9-4088-a404-73df067d64e4,1,1,37,0,1,1,369,0,2,1,110.5,174.9,209.2,39011,1684,200,false,200,399,ok,,0,ok,true
404,2026-10-08T02:51:45.655Z,gql-batched,mobile,large,none,none,3,warm,2,7f447a26-bdb4-43ae-a06d-f7c578761211,1,1,37,0,1,1,369,0,2,1,81.4,155.3,155.6,39011,1684,200,false,200,399,ok,,0,ok,true
405,2026-10-08T02:51:46.292Z,gql-batched,mobile,large,none,none,3,warm,3,b0249d42-d075-477f-ab6e-647725373773,1,1,37,0,1,1,369,0,2,1,68,153.7,163,39011,1684,200,false,200,399,ok,,0,ok,true
406,2026-10-08T02:51:46.914Z,gql-batched,mobile,large,none,none,3,warm,4,93f9df82-805d-4729-a689-8f41bb1f3767,1,1,37,0,1,1,369,0,2,1,64.5,142,166.5,39011,1684,200,false,200,399,ok,,0,ok,true
407,2026-10-08T02:51:47.569Z,gql-batched,mobile,large,none,none,3,warm,5,c3d468b6-993f-44f5-bad7-77ee9730ea2f,1,1,37,0,1,1,369,0,2,1,82.4,143.5,159.8,39011,1684,200,false,200,399,ok,,0,ok,true
408,2026-10-08T02:51:48.188Z,gql-batched,mobile,large,none,none,3,warm,6,b0120ba2-9c3d-4ab5-b09b-4a8e9e776b2d,1,1,37,0,1,1,369,0,2,1,90,157.4,173.6,39011,1684,200,false,200,399,ok,,0,ok,true
409,2026-10-08T02:51:49.533Z,gql-batched,mobile,large,none,none,4,cold,1,4dac9e97-310e-4b99-b828-fdfb5a7c4afc,1,1,37,0,1,1,369,0,2,1,124.4,185.3,203.1,39011,1684,200,false,200,399,ok,,0,ok,true
410,2026-10-08T02:51:50.231Z,gql-batched,mobile,large,none,none,4,warm,2,693dfeb3-cb7a-4ae8-ae2e-7175be7b504f,1,1,37,0,1,1,369,0,2,1,73.7,169.5,189.5,39011,1684,200,false,200,399,ok,,0,ok,true
411,2026-10-08T02:51:50.873Z,gql-batched,mobile,large,none,none,4,warm,3,f8e1ee59-fc90-4429-bba6-dd141ee51d80,1,1,37,0,1,1,369,0,2,1,53.2,134.9,150.9,39011,1684,200,false,200,399,ok,,0,ok,true
412,2026-10-08T02:51:51.493Z,gql-batched,mobile,large,none,none,4,warm,4,13f654ba-e0dc-4d41-bb25-b68ab9a84bbf,1,1,37,0,1,1,369,0,2,1,61.7,138.5,152.5,39011,1684,200,false,200,399,ok,,0,ok,true
413,2026-10-08T02:51:52.102Z,gql-batched,mobile,large,none,none,4,warm,5,da9ea4b5-eeb3-42a7-860e-661779f70804,1,1,37,0,1,1,369,0,2,1,104.6,172.4,190.2,39011,1684,200,false,200,399,ok,,0,ok,true
414,2026-10-08T02:51:52.739Z,gql-batched,mobile,large,none,none,4,warm,6,c3f07454-ab7a-4ba3-90c4-3e1d9634d043,1,1,37,0,1,1,369,0,2,1,103.5,199.3,199.8,39011,1684,200,false,200,399,ok,,0,ok,true
415,2026-10-08T02:51:54.127Z,gql-batched,mobile,large,none,none,5,cold,1,3947215a-e6ff-4a5a-98b9-10495bff9657,1,1,37,0,1,1,369,0,2,1,127.1,232,249.2,39011,1684,200,false,200,399,ok,,0,ok,true
416,2026-10-08T02:51:54.653Z,gql-batched,mobile,large,none,none,5,warm,2,60f19fad-603c-4de1-96c3-65baa74879af,1,1,37,0,1,1,369,0,2,1,72.3,118.5,118.9,39011,1684,200,false,200,399,ok,,0,ok,true
417,2026-10-08T02:51:55.090Z,gql-batched,mobile,large,none,none,5,warm,3,b0ce9bd0-f877-4114-a3b0-fa2e2d08755b,1,1,37,0,1,1,369,0,2,1,68.7,115.6,116,39011,1684,200,false,200,399,ok,,0,ok,true
418,2026-10-08T02:51:55.544Z,gql-batched,mobile,large,none,none,5,warm,4,6040cd84-5d8b-4759-a9a7-b25f6f6097a8,1,1,37,0,1,1,369,0,2,1,59.5,106.2,106.6,39011,1684,200,false,200,399,ok,,0,ok,true
419,2026-10-08T02:51:55.967Z,gql-batched,mobile,large,none,none,5,warm,5,23c086c0-9f41-48e4-98b2-7da7c9493951,1,1,37,0,1,1,369,0,2,1,70.2,123.8,124.2,39011,1684,200,false,200,399,ok,,0,ok,true
420,2026-10-08T02:51:56.436Z,gql-batched,mobile,large,none,none,5,warm,6,16f9189b-bdbc-449f-b76b-a28bc8363891,1,1,37,0,1,1,369,0,2,1,64.4,110.6,111,39011,1684,200,false,200,399,ok,,0,ok,true
421,2026-10-08T02:51:58.994Z,baseline,web,small,rtt100,none,1,warm,2,40e0c719-22ea-4c4f-8956-1832f1f70dd6,3,0,14,1,1,1,0,1,2,1,406.5,908.5,1112.3,9413,1270,200,false,10,19,ok,,0,ok,true
422,2026-10-08T02:52:00.425Z,baseline,web,small,rtt100,none,1,warm,3,0dddbf8a-d1a1-4948-878a-cbec35d28fb9,3,0,14,1,1,1,0,1,2,1,421.3,909.9,1117.7,9413,1270,200,false,10,19,ok,,0,ok,true
423,2026-10-08T02:52:01.854Z,baseline,web,small,rtt100,none,1,warm,4,38b94240-81e1-41e1-a0a0-e73abe48ecb7,3,0,14,1,1,1,0,1,2,1,394.1,917.8,1132.3,9413,1270,200,false,10,19,ok,,0,ok,true
424,2026-10-08T02:52:03.374Z,baseline,web,small,rtt100,none,1,warm,5,3757d0b1-030f-490a-88d4-ebd21c28195d,3,0,14,1,1,1,0,1,2,1,419.3,943.7,1142.5,9413,1270,200,false,10,19,ok,,0,ok,true
425,2026-10-08T02:52:04.846Z,baseline,web,small,rtt100,none,1,warm,6,e86ebdcc-a669-4056-a4ad-99f4f809c10e,3,0,14,1,1,1,0,1,2,1,404.3,941.1,1147.9,9413,1270,200,false,10,19,ok,,0,ok,true
426,2026-10-08T02:52:07.213Z,bff,web,small,rtt100,none,1,warm,2,4a22cd85-b9db-4d03-8eac-459c9e1e2d54,1,0,14,1,1,1,0,1,2,1,156.5,685.6,895.6,4775,851,200,false,10,19,ok,,0,ok,true
427,2026-10-08T02:52:08.444Z,bff,web,small,rtt100,none,1,warm,3,f424e275-6386-4c1e-8a06-adb4e974cf16,1,0,14,1,1,1,0,1,2,1,163.8,698.6,912.3,4775,851,200,false,10,19,ok,,0,ok,true
428,2026-10-08T02:52:09.641Z,bff,web,small,rtt100,none,1,warm,4,33ca1b55-d8b2-4bf5-9dfe-502499ae10d8,1,0,14,1,1,1,0,1,2,1,154,688.9,892,4775,851,200,false,10,19,ok,,0,ok,true
429,2026-10-08T02:52:10.824Z,bff,web,small,rtt100,none,1,warm,5,2accd971-306a-429c-a403-cd19e324c002,1,0,14,1,1,1,0,1,2,1,149.9,665.9,872.8,4775,851,200,false,10,19,ok,,0,ok,true
430,2026-10-08T02:52:12.094Z,bff,web,small,rtt100,none,1,warm,6,8fdb31a2-c628-410c-a1b2-407b5ee5831e,1,0,14,1,1,1,0,1,2,1,160.3,667.5,877.5,4775,851,200,false,10,19,ok,,0,ok,true
431,2026-10-08T02:52:14.728Z,bff,mobile,small,rtt100,none,1,warm,2,181c92bb-483a-4e6c-a952-796d96645c1a,1,0,13,0,1,1,0,0,2,1,157.8,691.6,801.6,1923,332,200,false,10,19,ok,,0,ok,true
432,2026-10-08T02:52:15.911Z,bff,mobile,small,rtt100,none,1,warm,3,a0d5f9ba-73e3-42f8-9a32-543367f4b456,1,0,13,0,1,1,0,0,2,1,166.2,688.7,790.8,1923,332,200,false,10,19,ok,,0,ok,true
433,2026-10-08T02:52:17.110Z,bff,mobile,small,rtt100,none,1,warm,4,a66f285a-b728-4fe3-a07e-9354849b419b,1,0,13,0,1,1,0,0,2,1,172.7,702.1,801.8,1923,332,200,false,10,19,ok,,0,ok,true
434,2026-10-08T02:52:18.278Z,bff,mobile,small,rtt100,none,1,warm,5,c54518cf-7f63-4512-a126-7d3d04d07dc4,1,0,13,0,1,1,0,0,2,1,155.3,671.4,761.8,1923,332,200,false,10,19,ok,,0,ok,true
435,2026-10-08T02:52:19.517Z,bff,mobile,small,rtt100,none,1,warm,6,60448d5b-5342-4a9c-89b1-25b8be9f838e,1,0,13,0,1,1,0,0,2,1,165.4,682.7,782.6,1923,332,200,false,10,19,ok,,0,ok,true
436,2026-10-08T02:52:22.306Z,gql-naive,web,small,rtt100,none,1,warm,2,cb2cbb42-fedf-4088-aeba-4607e550e892,1,1,14,1,1,19,0,1,2,19,190.9,718.1,905.1,4784,860,200,false,10,19,ok,,0,ok,true
437,2026-10-08T02:52:23.644Z,gql-naive,web,small,rtt100,none,1,warm,3,b5119308-093c-4d28-bf1a-24577b22ae2c,1,1,14,1,1,19,0,1,2,19,172.3,703.4,915.2,4784,860,200,false,10,19,ok,,0,ok,true
438,2026-10-08T02:52:24.978Z,gql-naive,web,small,rtt100,none,1,warm,4,610b9eb0-c178-47f7-97bf-5853baee066b,1,1,14,1,1,19,0,1,2,19,156.8,683.2,884.6,4784,860,200,false,10,19,ok,,0,ok,true
439,2026-10-08T02:52:26.378Z,gql-naive,web,small,rtt100,none,1,warm,5,744a2afc-93e5-4b10-a87a-75aa68f02891,1,1,14,1,1,19,0,1,2,19,188.9,732.8,929,4784,860,200,false,10,19,ok,,0,ok,true
440,2026-10-08T02:52:27.764Z,gql-naive,web,small,rtt100,none,1,warm,6,238f1e6c-19ca-4322-acda-74b038c5a936,1,1,14,1,1,19,0,1,2,19,177,718.4,922,4784,860,200,false,10,19,ok,,0,ok,true
441,2026-10-08T02:52:30.390Z,gql-naive,mobile,small,rtt100,none,1,warm,2,b3411e0d-d08e-4fa9-9946-eb020f7cf382,1,1,13,0,1,19,0,0,2,19,170,693.2,798.3,1938,343,200,false,10,19,ok,,0,ok,true
442,2026-10-08T02:52:31.573Z,gql-naive,mobile,small,rtt100,none,1,warm,3,6165e763-e86a-4e48-a78c-a83774bd1529,1,1,13,0,1,19,0,0,2,19,173.1,709.5,793.5,1938,343,200,false,10,19,ok,,0,ok,true
443,2026-10-08T02:52:32.744Z,gql-naive,mobile,small,rtt100,none,1,warm,4,a915697c-da06-4841-9794-836cc425f279,1,1,13,0,1,19,0,0,2,19,158,675.9,757.3,1938,343,200,false,10,19,ok,,0,ok,true
444,2026-10-08T02:52:33.973Z,gql-naive,mobile,small,rtt100,none,1,warm,5,6adb3058-b705-4a47-84cc-7bc67ec4ab28,1,1,13,0,1,19,0,0,2,19,171.7,699.3,787.4,1938,343,200,false,10,19,ok,,0,ok,true
445,2026-10-08T02:52:35.216Z,gql-naive,mobile,small,rtt100,none,1,warm,6,13c58172-553b-473b-ad97-29a4baedb59f,1,1,13,0,1,19,0,0,2,19,155.8,715.3,814.7,1938,343,200,false,10,19,ok,,0,ok,true
446,2026-10-08T02:52:37.883Z,gql-batched,web,small,rtt100,none,1,warm,2,364f6d4a-9b33-4350-a95b-658cf8ef56a4,1,1,14,1,1,1,13,1,2,1,162.5,691.3,898.3,4784,860,200,false,10,19,ok,,0,ok,true
447,2026-10-08T02:52:39.129Z,gql-batched,web,small,rtt100,none,1,warm,3,40a749c5-4453-4092-a364-890091ca7868,1,1,14,1,1,1,13,1,2,1,174.8,671.4,856.3,4784,860,200,false,10,19,ok,,0,ok,true
448,2026-10-08T02:52:40.419Z,gql-batched,web,small,rtt100,none,1,warm,4,94560765-fb6e-4950-ac5b-4451a7afd791,1,1,14,1,1,1,13,1,2,1,173,692.2,877.8,4784,860,200,false,10,19,ok,,0,ok,true
449,2026-10-08T02:52:41.763Z,gql-batched,web,small,rtt100,none,1,warm,5,e016fcd5-0a65-4c54-9df9-648bbc5c2a59,1,1,14,1,1,1,13,1,2,1,171.9,717.8,923.8,4784,860,200,false,10,19,ok,,0,ok,true
450,2026-10-08T02:52:43.195Z,gql-batched,web,small,rtt100,none,1,warm,6,0f1b9e9a-d493-4a49-b0a0-d2fefbe6e4a1,1,1,14,1,1,1,13,1,2,1,170.8,718,926.2,4784,860,200,false,10,19,ok,,0,ok,true
451,2026-10-08T02:52:45.721Z,gql-batched,mobile,small,rtt100,none,1,warm,2,1c8f5101-f9ce-4c5d-8b2b-dd4feacafa39,1,1,13,0,1,1,13,0,2,1,166.5,742.6,823.3,1938,343,200,false,10,19,ok,,0,ok,true
452,2026-10-08T02:52:46.920Z,gql-batched,mobile,small,rtt100,none,1,warm,3,5b1cedce-eb62-43a2-a546-7ac98b78f625,1,1,13,0,1,1,13,0,2,1,164.9,689.1,788,1938,343,200,false,10,19,ok,,0,ok,true
453,2026-10-08T02:52:48.117Z,gql-batched,mobile,small,rtt100,none,1,warm,4,e0d0e17b-4a96-492c-93e8-ee4492272b8b,1,1,13,0,1,1,13,0,2,1,158.7,710.2,808.3,1938,343,200,false,10,19,ok,,0,ok,true
454,2026-10-08T02:52:49.353Z,gql-batched,mobile,small,rtt100,none,1,warm,5,3bc0ecd9-c7a1-42b8-bc38-f521beca42f8,1,1,13,0,1,1,13,0,2,1,161.5,688.1,786.8,1938,343,200,false,10,19,ok,,0,ok,true
455,2026-10-08T02:52:50.665Z,gql-batched,mobile,small,rtt100,none,1,warm,6,0bd74b24-4d1b-4ecd-a674-626f6083905e,1,1,13,0,1,1,13,0,2,1,165.2,751.6,857.7,1938,343,200,false,10,19,ok,,0,ok,true
456,2026-10-08T02:52:54.423Z,baseline,web,large,rtt100,none,1,warm,2,91f3967c-59cc-4ee8-93d1-fde7e0f4e1eb,3,0,38,1,1,1,0,1,2,1,435.5,991.6,1628.4,96047,5176,200,false,200,399,ok,,0,ok,true
457,2026-10-08T02:52:56.522Z,baseline,web,large,rtt100,none,1,warm,3,24707006-fbde-4ffd-86f9-2560766d6a7f,3,0,38,1,1,1,0,1,2,1,458.3,973.3,1574,96047,5176,200,false,200,399,ok,,0,ok,true
458,2026-10-08T02:52:58.676Z,baseline,web,large,rtt100,none,1,warm,4,21d98f24-ecbf-451f-b337-bb5511a387da,3,0,38,1,1,1,0,1,2,1,455.6,1002.3,1613.3,96047,5176,200,false,200,399,ok,,0,ok,true
459,2026-10-08T02:53:00.825Z,baseline,web,large,rtt100,none,1,warm,5,83647e53-f434-4c85-8cb2-60c93c59aa4d,3,0,38,1,1,1,0,1,2,1,457.9,988.2,1611.1,96047,5176,200,false,200,399,ok,,0,ok,true
460,2026-10-08T02:53:02.944Z,baseline,web,large,rtt100,none,1,warm,6,391f748e-c245-4838-857d-a1f7c74264a8,3,0,38,1,1,1,0,1,2,1,448.6,963.7,1574.6,96047,5176,200,false,200,399,ok,,0,ok,true
461,2026-10-08T02:53:06.399Z,bff,web,large,rtt100,none,1,warm,2,bb86d84d-28db-4042-9c77-dd0b85cd9416,1,0,38,1,1,1,0,1,2,1,203,717.1,1319.8,94452,4737,200,false,200,399,ok,,0,ok,true
462,2026-10-08T02:53:08.348Z,bff,web,large,rtt100,none,1,warm,3,ed3ce4d4-8ae6-497b-9830-9c5010ed6fbd,1,0,38,1,1,1,0,1,2,1,184.1,749.8,1376.9,94452,4737,200,false,200,399,ok,,0,ok,true
463,2026-10-08T02:53:10.265Z,bff,web,large,rtt100,none,1,warm,4,bf26c01b-06a4-4ad8-9771-555e658532cf,1,0,38,1,1,1,0,1,2,1,223.5,763.5,1366.7,94452,4737,200,false,200,399,ok,,0,ok,true
464,2026-10-08T02:53:12.147Z,bff,web,large,rtt100,none,1,warm,5,fb19963e-90e7-4937-bbfd-aaef4e739be8,1,0,38,1,1,1,0,1,2,1,222.9,776.5,1379.5,94452,4737,200,false,200,399,ok,,0,ok,true
465,2026-10-08T02:53:14.063Z,bff,web,large,rtt100,none,1,warm,6,459e8d5c-96a9-46ad-b0ef-d34efee44142,1,0,38,1,1,1,0,1,2,1,191.9,768.9,1399.4,94452,4737,200,false,200,399,ok,,0,ok,true
466,2026-10-08T02:53:16.879Z,bff,mobile,large,rtt100,none,1,warm,2,578e4541-3063-4c02-b4f3-4fcb2bdcfe82,1,0,37,0,1,1,0,0,2,1,183.6,716.3,1229.8,38996,1670,200,false,200,399,ok,,0,ok,true
467,2026-10-08T02:53:18.349Z,bff,mobile,large,rtt100,none,1,warm,3,42b8e0a6-8592-4e8c-913f-3ba546b75847,1,0,37,0,1,1,0,0,2,1,173,653.3,1177.1,38996,1670,200,false,200,399,ok,,0,ok,true
468,2026-10-08T02:53:19.925Z,bff,mobile,large,rtt100,none,1,warm,4,4b84c16f-8c29-4f61-9e60-12255e291490,1,0,37,0,1,1,0,0,2,1,190.8,721.4,1228.4,38996,1670,200,false,200,399,ok,,0,ok,true
469,2026-10-08T02:53:21.531Z,bff,mobile,large,rtt100,none,1,warm,5,d2133ddb-f75d-4e7d-bd69-60da5e24948d,1,0,37,0,1,1,0,0,2,1,168.6,716.9,1230.7,38996,1670,200,false,200,399,ok,,0,ok,true
470,2026-10-08T02:53:23.166Z,bff,mobile,large,rtt100,none,1,warm,6,a9636021-6e75-4808-a373-02d5b3566e44,1,0,37,0,1,1,0,0,2,1,178.8,708.3,1223.1,38996,1670,200,false,200,399,ok,,0,ok,true
471,2026-10-08T02:53:26.403Z,gql-naive,web,large,rtt100,none,1,warm,2,c5c12acf-6062-4e24-a35a-5167af72da97,1,1,38,1,1,399,0,1,2,399,222.3,726.7,1331.5,94461,4744,200,false,200,399,ok,,0,ok,true
472,2026-10-08T02:53:28.120Z,gql-naive,web,large,rtt100,none,1,warm,3,357f715f-4ce0-4524-a278-27c9486b0c9c,1,1,38,1,1,399,0,1,2,399,178.8,705,1323.3,94461,4744,200,false,200,399,ok,,0,ok,true
473,2026-10-08T02:53:29.819Z,gql-naive,web,large,rtt100,none,1,warm,4,b2471b37-77bd-4517-a909-b0e780adefcc,1,1,38,1,1,399,0,1,2,399,177.7,689.4,1321.4,94461,4744,200,false,200,399,ok,,0,ok,true
474,2026-10-08T02:53:31.622Z,gql-naive,web,large,rtt100,none,1,warm,5,be3dac5d-037a-4f43-aaee-a025a90d8908,1,1,38,1,1,399,0,1,2,399,229.4,777.1,1404.6,94461,4744,200,false,200,399,ok,,0,ok,true
475,2026-10-08T02:53:33.331Z,gql-naive,web,large,rtt100,none,1,warm,6,749f7dd9-2a0c-426e-8a57-9849f563a9e3,1,1,38,1,1,399,0,1,2,399,192.9,713.5,1331,94461,4744,200,false,200,399,ok,,0,ok,true
476,2026-10-08T02:53:36.331Z,gql-naive,mobile,large,rtt100,none,1,warm,2,dddafe5f-672b-4216-97bf-8890accaf39e,1,1,37,0,1,399,0,0,2,399,191.5,707,1206.4,39011,1684,200,false,200,399,ok,,0,ok,true
477,2026-10-08T02:53:37.874Z,gql-naive,mobile,large,rtt100,none,1,warm,3,68b4df03-9c23-40c9-9937-9bc7bb9b95cb,1,1,37,0,1,399,0,0,2,399,151,675.3,1191.2,39011,1684,200,false,200,399,ok,,0,ok,true
478,2026-10-08T02:53:39.453Z,gql-naive,mobile,large,rtt100,none,1,warm,4,dfe2f939-66f5-4d87-b93a-ae61bc6c33ef,1,1,37,0,1,399,0,0,2,399,162.9,707.1,1245.7,39011,1684,200,false,200,399,ok,,0,ok,true
479,2026-10-08T02:53:40.996Z,gql-naive,mobile,large,rtt100,none,1,warm,5,18ed96b8-d2c8-4b08-9669-1b58187709bc,1,1,37,0,1,399,0,0,2,399,177.9,716.7,1235.6,39011,1684,200,false,200,399,ok,,0,ok,true
480,2026-10-08T02:53:42.593Z,gql-naive,mobile,large,rtt100,none,1,warm,6,5a2fcc8e-8c80-422c-919b-153860409315,1,1,37,0,1,399,0,0,2,399,175.6,696.1,1221.8,39011,1684,200,false,200,399,ok,,0,ok,true
481,2026-10-08T02:53:45.490Z,gql-batched,web,large,rtt100,none,1,warm,2,e0c7e913-a00d-4f69-a202-8b9345874e59,1,1,38,1,1,1,369,1,2,1,181.3,706,1339,94461,4744,200,false,200,399,ok,,0,ok,true
482,2026-10-08T02:53:47.125Z,gql-batched,web,large,rtt100,none,1,warm,3,d9942513-10a1-4960-a197-6a107122db18,1,1,38,1,1,1,369,1,2,1,173.9,681.9,1319.7,94461,4744,200,false,200,399,ok,,0,ok,true
483,2026-10-08T02:53:48.728Z,gql-batched,web,large,rtt100,none,1,warm,4,2eee9e03-4396-4fca-9f64-9a3b9cec21f0,1,1,38,1,1,1,369,1,2,1,173,670.1,1312.7,94461,4744,200,false,200,399,ok,,0,ok,true
484,2026-10-08T02:53:50.319Z,gql-batched,web,large,rtt100,none,1,warm,5,f34c6c0a-cfed-459a-b3de-a3fab1ca477c,1,1,38,1,1,1,369,1,2,1,171.1,668.9,1297.4,94461,4744,200,false,200,399,ok,,0,ok,true
485,2026-10-08T02:53:51.980Z,gql-batched,web,large,rtt100,none,1,warm,6,f168ba11-2357-49f3-b312-8ad0597d8649,1,1,38,1,1,1,369,1,2,1,184.3,700.4,1329.9,94461,4744,200,false,200,399,ok,,0,ok,true
486,2026-10-08T02:53:54.709Z,gql-batched,mobile,large,rtt100,none,1,warm,2,cfd794be-a4f6-4bdf-a12c-3f77b17c2358,1,1,37,0,1,1,369,0,2,1,164.3,701.8,1227.3,39011,1684,200,false,200,399,ok,,0,ok,true
487,2026-10-08T02:53:56.331Z,gql-batched,mobile,large,rtt100,none,1,warm,3,bd68615d-96ed-483e-b29e-6d2c41692681,1,1,37,0,1,1,369,0,2,1,164.9,719.4,1237.2,39011,1684,200,false,200,399,ok,,0,ok,true
488,2026-10-08T02:53:57.891Z,gql-batched,mobile,large,rtt100,none,1,warm,4,84f501aa-3477-4a87-b493-6634eb159fb1,1,1,37,0,1,1,369,0,2,1,184.7,719.3,1227,39011,1684,200,false,200,399,ok,,0,ok,true
489,2026-10-08T02:53:59.474Z,gql-batched,mobile,large,rtt100,none,1,warm,5,389b5855-503b-46cd-9a7b-b008d1895a84,1,1,37,0,1,1,369,0,2,1,180.5,724.6,1234.1,39011,1684,200,false,200,399,ok,,0,ok,true
490,2026-10-08T02:54:01.017Z,gql-batched,mobile,large,rtt100,none,1,warm,6,767d8b95-4c85-46ee-b953-96241af7a72b,1,1,37,0,1,1,369,0,2,1,164.5,692.6,1222,39011,1684,200,false,200,399,ok,,0,ok,true
491,2026-10-08T02:54:03.227Z,bff,web,small,none,delay300,1,warm,2,7ed3156c-bf7f-412b-b11d-f38c89b7a83c,1,0,14,1,1,1,0,1,2,1,352.9,402.9,403.1,4775,851,200,false,10,19,ok,,0,ok,true
492,2026-10-08T02:54:03.897Z,bff,web,small,none,delay300,1,warm,3,fc12b87a-bada-4c8b-be6c-c30fc48249ca,1,0,14,1,1,1,0,1,2,1,350.6,394.2,394.4,4775,851,200,false,10,19,ok,,0,ok,true
493,2026-10-08T02:54:04.581Z,bff,web,small,none,delay300,1,warm,4,007c7b3e-75da-4662-899b-a9f9db93b061,1,0,14,1,1,1,0,1,2,1,349.9,390.1,390.3,4775,851,200,false,10,19,ok,,0,ok,true
494,2026-10-08T02:54:05.285Z,bff,web,small,none,delay300,1,warm,5,8094b27a-bf48-4f5d-87e0-421d05f2e06d,1,0,14,1,1,1,0,1,2,1,351.3,396.2,396.6,4775,851,200,false,10,19,ok,,0,ok,true
495,2026-10-08T02:54:06.001Z,bff,web,small,none,delay300,1,warm,6,942f7aff-4e7d-4d47-b804-bf97f7cd173f,1,0,14,1,1,1,0,1,2,1,358.9,403.4,403.6,4775,851,200,false,10,19,ok,,0,ok,true
496,2026-10-08T02:54:06.716Z,bff,mobile,small,none,delay300,1,warm,2,dea3a2c1-7739-4bed-b92f-732a805d0592,1,0,13,0,1,1,0,0,2,1,346.3,390.5,390.9,1923,332,200,false,10,19,ok,,0,ok,true
497,2026-10-08T02:54:07.436Z,bff,mobile,small,none,delay300,1,warm,3,a3e0299a-3aee-4cfb-a4c7-e2b2b6c86efa,1,0,13,0,1,1,0,0,2,1,348.6,397.4,397.6,1923,332,200,false,10,19,ok,,0,ok,true
498,2026-10-08T02:54:08.182Z,bff,mobile,small,none,delay300,1,warm,4,2183e4bf-0ad5-43e3-801e-ef9f74ce72af,1,0,13,0,1,1,0,0,2,1,347.5,402.6,402.9,1923,332,200,false,10,19,ok,,0,ok,true
499,2026-10-08T02:54:08.928Z,bff,mobile,small,none,delay300,1,warm,5,2b78b776-2ba6-49c3-bf21-71a4a8aa664e,1,0,13,0,1,1,0,0,2,1,347.8,405.6,405.9,1923,332,200,false,10,19,ok,,0,ok,true
500,2026-10-08T02:54:09.689Z,bff,mobile,small,none,delay300,1,warm,6,de1abd87-8fdf-4e29-b877-b44d5c6aa181,1,0,13,0,1,1,0,0,2,1,344.9,396.5,396.9,1923,332,200,false,10,19,ok,,0,ok,true
501,2026-10-08T02:54:11.171Z,bff,web,small,none,delay3000,1,warm,2,d81146b5-4dde-45cf-9d35-48a9fb98342e,1,0,8,1,1,1,0,1,2,0,1069.6,1115.6,1115.8,6129,833,200,true,10,19,partial,PRODUCT_TIMEOUT,1,ok,true
502,2026-10-08T02:54:12.638Z,bff,web,small,none,delay3000,1,warm,3,f00921ba-f8aa-4dec-814f-d59b8dfdd9cc,1,0,8,1,1,1,0,1,2,0,1064.6,1108.3,1108.6,6129,833,200,true,10,19,partial,PRODUCT_TIMEOUT,1,ok,true
503,2026-10-08T02:54:14.023Z,bff,web,small,none,delay3000,1,warm,4,7b5db985-7cd8-413d-aebc-740ed84bef57,1,0,8,1,1,1,0,1,2,0,1045.1,1088.3,1088.5,6129,833,200,true,10,19,partial,PRODUCT_TIMEOUT,1,ok,true
504,2026-10-08T02:54:15.457Z,bff,web,small,none,delay3000,1,warm,5,8bbe5b5c-0f32-4371-8054-7909f0e57486,1,0,8,1,1,1,0,1,2,0,1071.6,1114.5,1114.9,6129,833,200,true,10,19,partial,PRODUCT_TIMEOUT,1,ok,true
505,2026-10-08T02:54:16.938Z,bff,web,small,none,delay3000,1,warm,6,808a2d71-48b4-4090-849f-45ef391b1452,1,0,8,1,1,1,0,1,2,0,1044.1,1099.9,1100.1,6129,833,200,true,10,19,partial,PRODUCT_TIMEOUT,1,ok,true
506,2026-10-08T02:54:18.341Z,bff,mobile,small,none,delay3000,1,warm,2,75f0e87d-9717-47e8-b1b9-addd988c877b,1,0,7,0,1,1,0,0,2,0,1047.9,1091.9,1092,3813,372,200,true,10,19,partial,PRODUCT_TIMEOUT,1,ok,true
507,2026-10-08T02:54:19.704Z,bff,mobile,small,none,delay3000,1,warm,3,bc07ce8f-4a7a-4ca1-b59d-39ecf1b7f2b5,1,0,7,0,1,1,0,0,2,0,1036.4,1078.2,1078.4,3813,372,200,true,10,19,partial,PRODUCT_TIMEOUT,1,ok,true
508,2026-10-08T02:54:21.125Z,bff,mobile,small,none,delay3000,1,warm,4,2bfae8a5-93f1-4f5f-a83e-d6befbf57f57,1,0,7,0,1,1,0,0,2,0,1055.1,1105.3,1105.4,3813,372,200,true,10,19,partial,PRODUCT_TIMEOUT,1,ok,true
509,2026-10-08T02:54:22.499Z,bff,mobile,small,none,delay3000,1,warm,5,398bdb1c-6e26-46e2-8ee9-b63e7871f5d1,1,0,7,0,1,1,0,0,2,0,1042.7,1086.8,1087,3813,372,200,true,10,19,partial,PRODUCT_TIMEOUT,1,ok,true
510,2026-10-08T02:54:23.933Z,bff,mobile,small,none,delay3000,1,warm,6,84e07824-fb58-4273-a815-5f9d6a878bcd,1,0,7,0,1,1,0,0,2,0,1053.3,1099.7,1099.9,3813,372,200,true,10,19,partial,PRODUCT_TIMEOUT,1,ok,true
511,2026-10-08T02:54:24.386Z,bff,web,small,none,error500,1,warm,2,2fcd2ffa-3557-4bd0-b616-769a7e32335a,1,0,8,1,1,1,0,1,2,0,41.6,86.1,86.2,6053,834,200,true,10,19,partial,PRODUCT_UNAVAILABLE,0,ok,true
512,2026-10-08T02:54:24.777Z,bff,web,small,none,error500,1,warm,3,1919a4c6-0a26-4d76-8e1e-a296fc38fedd,1,0,8,1,1,1,0,1,2,0,46.6,91.1,91.4,6053,834,200,true,10,19,partial,PRODUCT_UNAVAILABLE,0,ok,true
513,2026-10-08T02:54:25.257Z,bff,web,small,none,error500,1,warm,4,8f8abdd1-a394-4901-9a74-da1972e64220,1,0,8,1,1,1,0,1,2,0,49.8,101.5,101.8,6053,834,200,true,10,19,partial,PRODUCT_UNAVAILABLE,0,ok,true
514,2026-10-08T02:54:25.628Z,bff,web,small,none,error500,1,warm,5,814829a6-9cef-4ea1-bd55-29a408b8ef6d,1,0,8,1,1,1,0,1,2,0,42,87.2,87.5,6053,834,200,true,10,19,partial,PRODUCT_UNAVAILABLE,0,ok,true
515,2026-10-08T02:54:26.006Z,bff,web,small,none,error500,1,warm,6,895d3abb-85b2-4958-847c-4a1378ba3452,1,0,8,1,1,1,0,1,2,0,38.4,88.3,88.4,6053,834,200,true,10,19,partial,PRODUCT_UNAVAILABLE,0,ok,true
516,2026-10-08T02:54:26.488Z,bff,mobile,small,none,error500,1,warm,2,1af3f09e-97e4-4cc7-a822-6709ebe1c558,1,0,7,0,1,1,0,0,2,0,39.5,87.1,87.3,3737,375,200,true,10,19,partial,PRODUCT_UNAVAILABLE,0,ok,true
517,2026-10-08T02:54:26.907Z,bff,mobile,small,none,error500,1,warm,3,caaf49c4-dfd7-4d37-be2a-1cbc465762fd,1,0,7,0,1,1,0,0,2,0,28.8,76.6,76.6,3737,375,200,true,10,19,partial,PRODUCT_UNAVAILABLE,0,ok,true
518,2026-10-08T02:54:27.360Z,bff,mobile,small,none,error500,1,warm,4,a17f6456-aa9b-4e80-bfe1-e4f381a0c195,1,0,7,0,1,1,0,0,2,0,42.1,97.7,97.9,3737,375,200,true,10,19,partial,PRODUCT_UNAVAILABLE,0,ok,true
519,2026-10-08T02:54:27.778Z,bff,mobile,small,none,error500,1,warm,5,5d9c9d3b-bf04-44e4-82ad-ec8dfb116108,1,0,7,0,1,1,0,0,2,0,29.6,76.4,76.5,3737,375,200,true,10,19,partial,PRODUCT_UNAVAILABLE,0,ok,true
520,2026-10-08T02:54:28.167Z,bff,mobile,small,none,error500,1,warm,6,9e909af3-8f00-4e41-8426-c96bf3c46b79,1,0,7,0,1,1,0,0,2,0,36.4,92.4,92.5,3737,375,200,true,10,19,partial,PRODUCT_UNAVAILABLE,0,ok,true
521,2026-10-08T02:54:29.688Z,bff,web,small,none,hang,1,warm,2,a4b90f29-78ef-45b0-b24c-e9083b30d632,1,0,8,1,1,1,0,1,2,0,1064.8,1114.3,1114.6,6129,833,200,true,10,19,partial,PRODUCT_TIMEOUT,1,ok,true
522,2026-10-08T02:54:31.103Z,bff,web,small,none,hang,1,warm,3,fba6f0ac-fa52-425a-a8c6-ea1e089793fe,1,0,8,1,1,1,0,1,2,0,1063.7,1107.8,1108,6129,833,200,true,10,19,partial,PRODUCT_TIMEOUT,1,ok,true
523,2026-10-08T02:54:32.553Z,bff,web,small,none,hang,1,warm,4,46b4e192-6245-4a53-b9c9-f70b991b082a,1,0,8,1,1,1,0,1,2,0,1051.3,1099.8,1100.1,6129,833,200,true,10,19,partial,PRODUCT_TIMEOUT,1,ok,true
524,2026-10-08T02:54:33.986Z,bff,web,small,none,hang,1,warm,5,059ab5e6-91f4-4106-85c5-4f89cd045367,1,0,8,1,1,1,0,1,2,0,1047.9,1094.3,1094.7,6129,833,200,true,10,19,partial,PRODUCT_TIMEOUT,1,ok,true
525,2026-10-08T02:54:35.417Z,bff,web,small,none,hang,1,warm,6,35bb2326-3fda-4735-8f54-b9aebf7badcd,1,0,8,1,1,1,0,1,2,0,1042.1,1098.6,1098.9,6129,833,200,true,10,19,partial,PRODUCT_TIMEOUT,1,ok,true
526,2026-10-08T02:54:36.837Z,bff,mobile,small,none,hang,1,warm,2,4332f1b6-3b5f-4d8a-ab80-90f8a64ee120,1,0,7,0,1,1,0,0,2,0,1037.4,1092.4,1092.6,3813,372,200,true,10,19,partial,PRODUCT_TIMEOUT,1,ok,true
527,2026-10-08T02:54:38.195Z,bff,mobile,small,none,hang,1,warm,3,9f57db10-3443-4fc3-9afa-f78105c92606,1,0,7,0,1,1,0,0,2,0,1034.9,1074.9,1075,3813,372,200,true,10,19,partial,PRODUCT_TIMEOUT,1,ok,true
528,2026-10-08T02:54:39.581Z,bff,mobile,small,none,hang,1,warm,4,ee8e1c76-a1df-46cc-91a3-5b9478696dea,1,0,7,0,1,1,0,0,2,0,1040.4,1088.4,1088.5,3813,372,200,true,10,19,partial,PRODUCT_TIMEOUT,1,ok,true
529,2026-10-08T02:54:40.919Z,bff,mobile,small,none,hang,1,warm,5,d7246a9e-4f61-416b-830d-054d8a4bf9ef,1,0,7,0,1,1,0,0,2,0,1025.7,1064.9,1065.1,3813,372,200,true,10,19,partial,PRODUCT_TIMEOUT,1,ok,true
530,2026-10-08T02:54:42.274Z,bff,mobile,small,none,hang,1,warm,6,eea30421-5b14-48ec-a249-a5f10f3b2804,1,0,7,0,1,1,0,0,2,0,1038.9,1080.1,1080.3,3813,372,200,true,10,19,partial,PRODUCT_TIMEOUT,1,ok,true
531,2026-10-08T02:54:44.486Z,gql-batched,web,small,none,delay300,1,warm,2,bee520d3-9823-4330-86a4-5ae5d70c6268,1,1,14,1,1,1,13,1,2,1,349.1,395.7,396,4784,860,200,false,10,19,ok,,0,ok,true
532,2026-10-08T02:54:45.175Z,gql-batched,web,small,none,delay300,1,warm,3,1a82e71b-d919-474f-b9df-a735b9f64088,1,1,14,1,1,1,13,1,2,1,358.1,404,404.3,4784,860,200,false,10,19,ok,,0,ok,true
533,2026-10-08T02:54:45.860Z,gql-batched,web,small,none,delay300,1,warm,4,056c1d9e-2b91-4d28-a2ca-fab8e107c628,1,1,14,1,1,1,13,1,2,1,359.5,400.6,401,4784,860,200,false,10,19,ok,,0,ok,true
534,2026-10-08T02:54:46.656Z,gql-batched,web,small,none,delay300,1,warm,5,aba5afbd-021a-4cc7-b6f4-76df205993f3,1,1,14,1,1,1,13,1,2,1,370.2,413.9,414.3,4784,860,200,false,10,19,ok,,0,ok,true
535,2026-10-08T02:54:47.406Z,gql-batched,web,small,none,delay300,1,warm,6,a704e3b2-a157-47c8-b9b4-8142e382af89,1,1,14,1,1,1,13,1,2,1,366.2,423.6,424,4784,860,200,false,10,19,ok,,0,ok,true
536,2026-10-08T02:54:48.198Z,gql-batched,mobile,small,none,delay300,1,warm,2,6a1b0968-aeec-4fc5-9829-748f02ebeb3e,1,1,13,0,1,1,13,0,2,1,356.8,403,403.2,1938,343,200,false,10,19,ok,,0,ok,true
537,2026-10-08T02:54:48.915Z,gql-batched,mobile,small,none,delay300,1,warm,3,8f1cdae3-5769-415d-9bc3-5f03ff2985fd,1,1,13,0,1,1,13,0,2,1,350,399.4,399.8,1938,343,200,false,10,19,ok,,0,ok,true
538,2026-10-08T02:54:49.602Z,gql-batched,mobile,small,none,delay300,1,warm,4,bd3c5110-0f34-45f1-8e12-dd260b42c844,1,1,13,0,1,1,13,0,2,1,353,399.2,399.6,1938,343,200,false,10,19,ok,,0,ok,true
539,2026-10-08T02:54:50.370Z,gql-batched,mobile,small,none,delay300,1,warm,5,73d1b9f4-0581-4f03-abed-094a78ed271e,1,1,13,0,1,1,13,0,2,1,337.6,385.7,385.8,1938,343,200,false,10,19,ok,,0,ok,true
540,2026-10-08T02:54:51.087Z,gql-batched,mobile,small,none,delay300,1,warm,6,05036c83-1f71-41d0-aec3-7a1c3070635f,1,1,13,0,1,1,13,0,2,1,357.4,399.1,399.4,1938,343,200,false,10,19,ok,,0,ok,true
541,2026-10-08T02:54:52.584Z,gql-batched,web,small,none,delay3000,1,warm,2,9f6299ef-4b30-4ed7-8a4c-3e3d3c54d9c3,1,1,8,1,1,1,13,1,2,0,1073.9,1117,1117.4,6993,867,200,true,10,19,partial,PRODUCT_TIMEOUT,1,ok,true
542,2026-10-08T02:54:53.993Z,gql-batched,web,small,none,delay3000,1,warm,3,8446dc45-303d-489c-bc4a-2aed71ebd703,1,1,8,1,1,1,13,1,2,0,1048,1097.3,1097.8,6993,867,200,true,10,19,partial,PRODUCT_TIMEOUT,1,ok,true
543,2026-10-08T02:54:55.414Z,gql-batched,web,small,none,delay3000,1,warm,4,156b1af1-3646-4b6a-ad05-482bc3c8cdcb,1,1,8,1,1,1,13,1,2,0,1070.7,1110.7,1111.1,6993,867,200,true,10,19,partial,PRODUCT_TIMEOUT,1,ok,true
544,2026-10-08T02:54:56.833Z,gql-batched,web,small,none,delay3000,1,warm,5,cd10545f-d723-4faa-81c7-02f93a3e7150,1,1,8,1,1,1,13,1,2,0,1077.4,1120.4,1120.9,6993,867,200,true,10,19,partial,PRODUCT_TIMEOUT,1,ok,true
545,2026-10-08T02:54:58.254Z,gql-batched,web,small,none,delay3000,1,warm,6,d59ecea4-8c45-4c03-b58e-8fb8ae0136f1,1,1,8,1,1,1,13,1,2,0,1071.2,1114.3,1114.7,6993,867,200,true,10,19,partial,PRODUCT_TIMEOUT,1,ok,true
546,2026-10-08T02:54:59.735Z,gql-batched,mobile,small,none,delay3000,1,warm,2,273c2d90-3001-4b84-88d8-3aa4a9f4dc8c,1,1,7,0,1,1,13,0,2,0,1057.9,1101.6,1101.7,4626,410,200,true,10,19,partial,PRODUCT_TIMEOUT,1,ok,true
547,2026-10-08T02:55:01.137Z,gql-batched,mobile,small,none,delay3000,1,warm,3,69a6c77a-8ac1-46ab-bd88-45bbafbe8838,1,1,7,0,1,1,13,0,2,0,1056.1,1104.1,1104.3,4626,410,200,true,10,19,partial,PRODUCT_TIMEOUT,1,ok,true
548,2026-10-08T02:55:02.557Z,gql-batched,mobile,small,none,delay3000,1,warm,4,57bfbe88-b1f6-4bed-97e5-c8d95c4092c4,1,1,7,0,1,1,13,0,2,0,1057.8,1106.9,1107.1,4626,410,200,true,10,19,partial,PRODUCT_TIMEOUT,1,ok,true
549,2026-10-08T02:55:03.977Z,gql-batched,mobile,small,none,delay3000,1,warm,5,8faf7fe0-1faa-45d0-8dc3-09a441b3cbda,1,1,7,0,1,1,13,0,2,0,1054.7,1098.4,1098.7,4626,410,200,true,10,19,partial,PRODUCT_TIMEOUT,1,ok,true
550,2026-10-08T02:55:05.424Z,gql-batched,mobile,small,none,delay3000,1,warm,6,0781f80d-2bb8-4d42-a71a-173397bf6e7c,1,1,7,0,1,1,13,0,2,0,1056.9,1106.7,1106.9,4626,410,200,true,10,19,partial,PRODUCT_TIMEOUT,1,ok,true
551,2026-10-08T02:55:05.857Z,gql-batched,web,small,none,error500,1,warm,2,3fbae2a0-f9cc-4786-8110-916a390d72ae,1,1,8,1,1,1,13,1,2,0,48,93.7,93.9,6917,863,200,true,10,19,partial,PRODUCT_UNAVAILABLE,0,ok,true
552,2026-10-08T02:55:06.245Z,gql-batched,web,small,none,error500,1,warm,3,49c71cbf-58d4-445e-8eec-35d1a3f02001,1,1,8,1,1,1,13,1,2,0,38.3,83.5,83.7,6917,863,200,true,10,19,partial,PRODUCT_UNAVAILABLE,0,ok,true
553,2026-10-08T02:55:06.629Z,gql-batched,web,small,none,error500,1,warm,4,a2becae1-490d-42ba-a52f-f755dd545fa1,1,1,8,1,1,1,13,1,2,0,53.5,95.8,95.9,6917,863,200,true,10,19,partial,PRODUCT_UNAVAILABLE,0,ok,true
554,2026-10-08T02:55:06.986Z,gql-batched,web,small,none,error500,1,warm,5,a77314e3-597d-465a-8c52-5933365fa544,1,1,8,1,1,1,13,1,2,0,39.6,86.2,86.3,6917,863,200,true,10,19,partial,PRODUCT_UNAVAILABLE,0,ok,true
555,2026-10-08T02:55:07.373Z,gql-batched,web,small,none,error500,1,warm,6,22bcc60d-e04f-42f4-b1f0-7e0b00f964c5,1,1,8,1,1,1,13,1,2,0,41.4,90.1,90.2,6917,863,200,true,10,19,partial,PRODUCT_UNAVAILABLE,0,ok,true
556,2026-10-08T02:55:07.762Z,gql-batched,mobile,small,none,error500,1,warm,2,c9fc435c-0550-48a2-b2d5-248739eebb1b,1,1,7,0,1,1,13,0,2,0,39.2,83.6,83.9,4550,411,200,true,10,19,partial,PRODUCT_UNAVAILABLE,0,ok,true
557,2026-10-08T02:55:08.104Z,gql-batched,mobile,small,none,error500,1,warm,3,3b6044b8-e07e-461d-8540-c5c96e500ea1,1,1,7,0,1,1,13,0,2,0,40.6,83.9,84,4550,411,200,true,10,19,partial,PRODUCT_UNAVAILABLE,0,ok,true
558,2026-10-08T02:55:08.446Z,gql-batched,mobile,small,none,error500,1,warm,4,60387ea9-5117-434e-9c57-f211b2d6a832,1,1,7,0,1,1,13,0,2,0,36.1,81.9,82.1,4550,411,200,true,10,19,partial,PRODUCT_UNAVAILABLE,0,ok,true
559,2026-10-08T02:55:08.820Z,gql-batched,mobile,small,none,error500,1,warm,5,84ab41ca-1e3d-46c6-a4cf-181806f648ba,1,1,7,0,1,1,13,0,2,0,38.6,86.7,86.9,4550,411,200,true,10,19,partial,PRODUCT_UNAVAILABLE,0,ok,true
560,2026-10-08T02:55:09.161Z,gql-batched,mobile,small,none,error500,1,warm,6,8b498ae9-4571-4982-8f10-6e2edcaccfb1,1,1,7,0,1,1,13,0,2,0,37.5,77.5,77.7,4550,411,200,true,10,19,partial,PRODUCT_UNAVAILABLE,0,ok,true
561,2026-10-08T02:55:10.565Z,gql-batched,web,small,none,hang,1,warm,2,edd654b4-c4b6-465f-94a5-7770c346e75a,1,1,8,1,1,1,13,1,2,0,1042.2,1084.1,1084.3,6993,867,200,true,10,19,partial,PRODUCT_TIMEOUT,1,ok,true
562,2026-10-08T02:55:11.938Z,gql-batched,web,small,none,hang,1,warm,3,46a12c31-5ece-4729-a427-7bb0319d9b48,1,1,8,1,1,1,13,1,2,0,1051.1,1091,1091.3,6993,867,200,true,10,19,partial,PRODUCT_TIMEOUT,1,ok,true
563,2026-10-08T02:55:13.433Z,gql-batched,web,small,none,hang,1,warm,4,3fdd9656-6e35-4c5d-a205-1e9467a0d2cd,1,1,8,1,1,1,13,1,2,0,1046,1106.5,1106.7,6993,867,200,true,10,19,partial,PRODUCT_TIMEOUT,1,ok,true
564,2026-10-08T02:55:14.885Z,gql-batched,web,small,none,hang,1,warm,5,479c9470-63a0-4579-8346-a87020b55df2,1,1,8,1,1,1,13,1,2,0,1060.7,1112.2,1112.5,6993,867,200,true,10,19,partial,PRODUCT_TIMEOUT,1,ok,true
565,2026-10-08T02:55:16.470Z,gql-batched,web,small,none,hang,1,warm,6,fedea074-b0e6-461d-88ee-753c260c1233,1,1,8,1,1,1,13,1,2,0,1088.8,1163.3,1163.7,6993,867,200,true,10,19,partial,PRODUCT_TIMEOUT,1,ok,true
566,2026-10-08T02:55:18.045Z,gql-batched,mobile,small,none,hang,1,warm,2,4beeb4cf-fd80-47c0-a5e2-e5325b73dd66,1,1,7,0,1,1,13,0,2,0,1063.6,1139.7,1139.9,4626,410,200,true,10,19,partial,PRODUCT_TIMEOUT,1,ok,true
567,2026-10-08T02:55:19.646Z,gql-batched,mobile,small,none,hang,1,warm,3,bc1a5abb-c739-4d14-a4e8-a09170ab7bd8,1,1,7,0,1,1,13,0,2,0,1068,1152.1,1152.2,4626,410,200,true,10,19,partial,PRODUCT_TIMEOUT,1,ok,true
568,2026-10-08T02:55:21.181Z,gql-batched,mobile,small,none,hang,1,warm,4,1f5e1952-b916-4598-b1a8-edbf72092dba,1,1,7,0,1,1,13,0,2,0,1058.9,1131.9,1132.2,4626,410,200,true,10,19,partial,PRODUCT_TIMEOUT,1,ok,true
569,2026-10-08T02:55:22.753Z,gql-batched,mobile,small,none,hang,1,warm,5,6fe8d708-78ff-4de3-8252-6ad443a948d6,1,1,7,0,1,1,13,0,2,0,1066.5,1140.9,1141.1,4626,410,200,true,10,19,partial,PRODUCT_TIMEOUT,1,ok,true
570,2026-10-08T02:55:24.280Z,gql-batched,mobile,small,none,hang,1,warm,6,379bbb5d-431a-4810-92c2-9dae06626786,1,1,7,0,1,1,13,0,2,0,1059.8,1134.3,1134.6,4626,410,200,true,10,19,partial,PRODUCT_TIMEOUT,1,ok,true
